hue__tmp_padova_ambrosia.id,hue__tmp_padova_ambrosia.data,hue__tmp_padova_ambrosia.aceraceae,hue__tmp_padova_ambrosia.alternaria,hue__tmp_padova_ambrosia.altripollini,hue__tmp_padova_ambrosia.alnus,hue__tmp_padova_ambrosia.ambrosia,hue__tmp_padova_ambrosia.artemisia,hue__tmp_padova_ambrosia.betulaceae,hue__tmp_padova_ambrosia.betula,hue__tmp_padova_ambrosia.compositae,hue__tmp_padova_ambrosia.corylaceae,hue__tmp_padova_ambrosia.cupressaceae_taxaceae,hue__tmp_padova_ambrosia.carpinus,hue__tmp_padova_ambrosia.castanea_sativa,hue__tmp_padova_ambrosia.fagaceae,hue__tmp_padova_ambrosia.fagus_sylvatica,hue__tmp_padova_ambrosia.gramineae,hue__tmp_padova_ambrosia.oleaceae,hue__tmp_padova_ambrosia.pinaceae,hue__tmp_padova_ambrosia.plantaginaceae,hue__tmp_padova_ambrosia.platanaceae,hue__tmp_padova_ambrosia.populus,hue__tmp_padova_ambrosia.quercus,hue__tmp_padova_ambrosia.salicaceae,hue__tmp_padova_ambrosia.salix,hue__tmp_padova_ambrosia.ulmaceae,hue__tmp_padova_ambrosia.urticaceae,hue__tmp_padova_ambrosia.t_med,hue__tmp_padova_ambrosia.t_min,hue__tmp_padova_ambrosia.t_max,hue__tmp_padova_ambrosia.precipitazione,hue__tmp_padova_ambrosia.u_min,hue__tmp_padova_ambrosia.u_max,hue__tmp_padova_ambrosia.class_ambrosia
58,2014-03-19,10.0,2.0,4.0,0.0,0.0,0.0,2.0,2.0,0.0,17.0,35.0,17.0,0.0,2.0,0.0,2.0,5.0,0.0,0.0,0.0,24.0,2.0,33.0,9.0,0.0,0.0,12.6,10.4,17.5,0.0,66.0,100.0,assente
59,2014-03-20,13.0,5.0,11.0,2.0,0.0,0.0,13.0,11.0,1.0,59.0,97.0,59.0,0.0,10.0,0.0,4.0,2.0,0.0,0.0,0.0,31.0,10.0,39.0,9.0,3.0,1.0,13.8,9.8,20.1,0.0,46.0,100.0,assente
60,2014-03-21,39.0,8.0,7.0,0.0,0.0,0.0,18.0,18.0,0.0,51.0,58.0,51.0,0.0,15.0,0.0,5.0,6.0,0.0,0.0,2.0,48.0,15.0,56.0,8.0,4.0,2.0,13.3,8.4,18.9,0.0,44.0,100.0,assente
61,2014-03-22,38.0,3.0,12.0,3.0,0.0,0.0,27.0,24.0,0.0,175.0,92.0,175.0,0.0,11.0,0.0,13.0,2.0,5.0,0.0,6.0,122.0,11.0,134.0,13.0,1.0,7.0,13.7,11.2,17.4,1.0,58.0,100.0,assente
64,2014-03-26,7.0,2.0,18.0,2.0,0.0,0.0,31.0,29.0,1.0,55.0,7.0,55.0,0.0,34.0,0.0,5.0,4.0,0.0,0.0,55.0,11.0,34.0,18.0,7.0,2.0,12.0,10.2,6.8,14.1,0.0,46.0,76.0,assente
65,2014-03-27,2.0,7.0,36.0,0.0,0.0,0.0,70.0,70.0,0.0,51.0,31.0,51.0,0.0,52.0,1.0,5.0,7.0,1.0,0.0,148.0,32.0,51.0,44.0,13.0,4.0,15.0,12.9,9.3,16.9,0.0,37.0,69.0,assente
68,2014-03-30,0.0,2.0,61.0,0.0,0.0,0.0,18.0,18.0,0.0,82.0,9.0,82.0,0.0,8.0,0.0,3.0,2.0,0.0,0.0,364.0,3.0,8.0,13.0,10.0,0.0,104.0,14.9,8.9,21.2,0.0,33.0,84.0,assente
69,2014-03-31,0.0,5.0,77.0,0.0,0.0,0.0,35.0,35.0,0.0,104.0,24.0,104.0,0.0,16.0,0.0,15.0,5.0,0.0,0.0,564.0,9.0,16.0,31.0,22.0,0.0,93.0,15.0,9.0,22.5,0.0,32.0,100.0,assente
70,2014-04-01,27.0,4.0,125.0,3.0,0.0,0.0,31.0,28.0,0.0,120.0,12.0,120.0,0.0,35.0,0.0,31.0,6.0,0.0,0.0,717.0,10.0,35.0,46.0,36.0,1.0,155.0,15.2,10.5,21.2,0.0,33.0,100.0,assente
71,2014-04-02,29.0,11.0,136.0,0.0,0.0,0.0,35.0,35.0,0.0,122.0,18.0,122.0,0.0,70.0,0.0,23.0,22.0,0.0,0.0,626.0,9.0,70.0,57.0,48.0,1.0,187.0,14.7,9.7,20.2,0.0,45.0,99.0,assente
72,2014-04-03,8.0,6.0,32.0,0.0,0.0,0.0,5.0,5.0,0.0,77.0,85.0,77.0,0.0,36.0,0.0,24.0,11.0,4.0,0.0,190.0,8.0,36.0,28.0,20.0,3.0,251.0,13.6,11.1,16.5,0.0,74.0,100.0,assente
73,2014-04-04,8.0,4.0,39.0,0.0,0.0,0.0,16.0,16.0,0.0,36.0,279.0,36.0,0.0,53.0,2.0,4.0,2.0,23.0,0.0,352.0,5.0,51.0,34.0,29.0,0.0,431.0,14.2,11.3,17.4,0.2,58.0,100.0,assente
74,2014-04-05,9.0,1.0,15.0,0.0,0.0,0.0,41.0,41.0,0.0,101.0,22.0,101.0,0.0,21.0,0.0,13.0,6.0,5.0,0.0,206.0,7.0,21.0,17.0,10.0,0.0,350.0,15.3,13.1,18.5,1.0,57.0,94.0,assente
75,2014-04-06,2.0,1.0,16.0,0.0,0.0,0.0,29.0,29.0,0.0,49.0,4.0,49.0,0.0,18.0,0.0,31.0,7.0,2.0,0.0,226.0,0.0,18.0,7.0,7.0,0.0,377.0,17.0,11.2,23.1,0.0,39.0,98.0,assente
76,2014-04-07,18.0,8.0,15.0,1.0,0.0,0.0,35.0,35.0,0.0,58.0,6.0,58.0,0.0,17.0,0.0,38.0,8.0,1.0,0.0,341.0,1.0,17.0,16.0,15.0,3.0,447.0,17.9,12.1,23.9,0.0,35.0,95.0,assente
77,2014-04-08,43.0,11.0,18.0,0.0,0.0,0.0,12.0,12.0,0.0,97.0,27.0,97.0,0.0,21.0,0.0,42.0,17.0,4.0,0.0,269.0,0.0,21.0,21.0,21.0,1.0,375.0,17.6,12.6,23.5,0.0,41.0,88.0,assente
78,2014-04-09,35.0,13.0,28.0,0.0,0.0,0.0,27.0,27.0,0.0,49.0,25.0,49.0,0.0,81.0,0.0,59.0,18.0,8.0,0.0,371.0,1.0,81.0,15.0,14.0,0.0,267.0,15.9,11.5,19.9,0.0,40.0,92.0,assente
79,2014-04-10,16.0,5.0,18.0,0.0,0.0,0.0,27.0,27.0,0.0,72.0,25.0,72.0,0.0,35.0,2.0,46.0,16.0,3.0,1.0,165.0,3.0,34.0,15.0,12.0,1.0,590.0,14.6,9.8,21.6,0.0,33.0,98.0,assente
80,2014-04-11,32.0,2.0,15.0,0.0,0.0,0.0,21.0,21.0,0.0,49.0,10.0,49.0,0.0,37.0,0.0,36.0,6.0,1.0,0.0,56.0,4.0,37.0,13.0,9.0,1.0,297.0,13.9,10.7,18.1,0.0,49.0,95.0,assente
81,2014-04-12,35.0,1.0,10.0,1.0,0.0,0.0,18.0,17.0,0.0,38.0,29.0,38.0,0.0,15.0,0.0,20.0,7.0,2.0,0.0,119.0,2.0,15.0,3.0,1.0,0.0,488.0,14.7,10.3,19.0,0.0,42.0,100.0,assente
82,2014-04-13,37.0,2.0,12.0,0.0,0.0,0.0,16.0,16.0,0.0,20.0,51.0,20.0,0.0,12.0,0.0,51.0,9.0,1.0,0.0,62.0,1.0,12.0,3.0,2.0,0.0,788.0,14.1,11.3,18.2,0.0,49.0,100.0,assente
83,2014-04-14,21.0,6.0,18.0,0.0,0.0,0.0,44.0,44.0,0.0,35.0,18.0,35.0,0.0,35.0,1.0,63.0,17.0,0.0,0.0,235.0,0.0,35.0,3.0,3.0,0.0,409.0,16.1,9.9,23.0,0.0,42.0,100.0,assente
84,2014-04-15,17.0,5.0,55.0,0.0,0.0,0.0,22.0,22.0,0.0,76.0,16.0,76.0,0.0,22.0,0.0,108.0,8.0,1.0,0.0,124.0,1.0,22.0,7.0,6.0,0.0,413.0,14.2,10.8,17.6,0.0,30.0,90.0,assente
85,2014-04-16,13.0,2.0,25.0,0.0,0.0,0.0,7.0,7.0,0.0,32.0,15.0,32.0,0.0,17.0,0.0,34.0,10.0,1.0,0.0,27.0,2.0,17.0,4.0,2.0,0.0,354.0,13.0,7.4,18.0,0.0,14.0,78.0,assente
86,2014-04-17,5.0,3.0,28.0,0.0,0.0,0.0,5.0,5.0,0.0,19.0,2.0,19.0,0.0,8.0,0.0,97.0,12.0,0.0,0.0,44.0,3.0,8.0,3.0,0.0,0.0,218.0,13.7,7.5,19.9,0.0,14.0,63.0,assente
87,2014-04-18,10.0,9.0,14.0,0.0,0.0,0.0,9.0,9.0,0.0,16.0,4.0,16.0,0.0,5.0,0.0,185.0,18.0,0.0,0.0,9.0,1.0,5.0,3.0,2.0,0.0,385.0,14.0,8.3,19.1,0.0,25.0,73.0,assente
88,2014-04-19,18.0,4.0,119.0,0.0,0.0,0.0,7.0,7.0,1.0,37.0,9.0,37.0,0.0,22.0,0.0,125.0,10.0,3.0,0.0,47.0,6.0,22.0,11.0,5.0,0.0,247.0,14.8,11.9,18.2,0.0,44.0,84.0,assente
89,2014-04-20,4.0,5.0,6.0,0.0,0.0,0.0,1.0,1.0,0.0,6.0,3.0,6.0,0.0,6.0,0.0,67.0,5.0,0.0,0.0,4.0,0.0,6.0,0.0,0.0,0.0,157.0,14.2,10.7,18.5,0.0,53.0,96.0,assente
90,2014-04-21,2.0,1.0,7.0,0.0,0.0,0.0,0.0,0.0,0.0,0.0,2.0,0.0,0.0,5.0,0.0,8.0,3.0,0.0,0.0,9.0,0.0,5.0,1.0,1.0,0.0,65.0,13.0,11.7,15.5,4.0,79.0,100.0,assente
91,2014-04-22,5.0,7.0,8.0,0.0,0.0,0.0,0.0,0.0,0.0,2.0,2.0,2.0,0.0,10.0,0.0,18.0,3.0,4.0,0.0,32.0,1.0,10.0,1.0,0.0,0.0,368.0,15.2,11.0,20.2,0.2,59.0,100.0,assente
93,2014-04-24,8.0,29.0,46.0,1.0,0.0,0.0,5.0,4.0,0.0,59.0,5.0,59.0,0.0,16.0,0.0,230.0,6.0,15.0,1.0,28.0,0.0,16.0,0.0,0.0,0.0,162.0,18.8,14.3,24.6,0.0,35.0,77.0,assente
105,2014-05-09,0.0,32.0,25.0,0.0,0.0,0.0,0.0,0.0,0.0,1.0,2.0,1.0,0.0,24.0,1.0,73.0,2.0,6.0,0.0,0.0,0.0,23.0,0.0,0.0,0.0,35.0,18.7,12.9,25.2,0.0,33.0,93.0,assente
108,2014-05-14,0.0,4.0,34.0,0.0,0.0,0.0,0.0,0.0,0.0,1.0,0.0,1.0,0.0,6.0,1.0,20.0,6.0,32.0,3.0,3.0,0.0,5.0,0.0,0.0,0.0,52.0,16.9,10.2,24.7,0.0,15.0,100.0,assente
110,2014-05-16,0.0,15.0,32.0,0.0,0.0,0.0,0.0,0.0,0.0,2.0,0.0,2.0,0.0,6.0,0.0,42.0,3.0,54.0,4.0,0.0,0.0,6.0,0.0,0.0,0.0,48.0,18.2,13.7,21.5,0.0,24.0,74.0,assente
112,2014-05-18,0.0,5.0,20.0,0.0,0.0,0.0,0.0,0.0,0.0,1.0,0.0,1.0,0.0,17.0,0.0,34.0,3.0,11.0,2.0,2.0,0.0,17.0,0.0,0.0,0.0,37.0,18.0,13.8,23.3,0.0,45.0,96.0,assente
113,2014-05-19,0.0,9.0,35.0,0.0,0.0,0.0,0.0,0.0,0.0,0.0,0.0,0.0,0.0,7.0,0.0,48.0,11.0,10.0,0.0,0.0,0.0,7.0,0.0,0.0,0.0,52.0,18.7,15.6,23.2,0.0,40.0,95.0,assente
114,2014-05-20,1.0,27.0,16.0,0.0,0.0,0.0,0.0,0.0,0.0,1.0,5.0,1.0,0.0,21.0,0.0,20.0,17.0,5.0,1.0,0.0,0.0,21.0,0.0,0.0,0.0,18.0,19.4,15.0,24.5,0.0,42.0,100.0,assente
115,2014-05-21,1.0,28.0,25.0,0.0,0.0,0.0,0.0,0.0,0.0,0.0,2.0,0.0,0.0,10.0,0.0,25.0,9.0,9.0,0.0,0.0,0.0,10.0,0.0,0.0,0.0,34.0,20.5,15.1,25.8,0.0,40.0,97.0,assente
116,2014-05-22,0.0,29.0,14.0,0.0,0.0,0.0,0.0,0.0,0.0,0.0,5.0,0.0,0.0,22.0,0.0,18.0,8.0,2.0,4.0,0.0,0.0,22.0,0.0,0.0,0.0,31.0,21.5,16.4,26.3,0.0,33.0,83.0,assente
117,2014-05-23,0.0,7.0,11.0,0.0,0.0,0.0,0.0,0.0,0.0,0.0,2.0,0.0,0.0,13.0,0.0,19.0,9.0,3.0,0.0,0.0,0.0,13.0,0.0,0.0,0.0,18.0,20.3,18.2,24.6,5.0,58.0,100.0,assente
118,2014-05-27,0.0,44.0,6.0,0.0,0.0,0.0,0.0,0.0,0.0,0.0,1.0,0.0,2.0,13.0,2.0,13.0,9.0,5.0,1.0,0.0,0.0,9.0,0.0,0.0,0.0,17.0,18.8,15.1,23.3,0.4,40.0,100.0,assente
119,2014-05-28,0.0,24.0,7.0,1.0,0.0,0.0,1.0,0.0,0.0,0.0,3.0,0.0,0.0,3.0,0.0,11.0,3.0,1.0,2.0,0.0,0.0,3.0,0.0,0.0,0.0,20.0,18.7,15.7,23.9,5.2,49.0,100.0,assente
123,2014-06-01,0.0,10.0,2.0,0.0,0.0,0.0,0.0,0.0,0.0,0.0,0.0,0.0,0.0,1.0,1.0,6.0,2.0,6.0,0.0,0.0,0.0,0.0,0.0,0.0,0.0,9.0,18.6,13.1,24.3,0.0,29.0,84.0,assente
128,2014-06-06,0.0,111.0,27.0,0.0,0.0,0.0,0.0,0.0,0.0,0.0,8.0,0.0,1.0,16.0,0.0,35.0,9.0,15.0,5.0,0.0,0.0,15.0,0.0,0.0,0.0,40.0,22.2,16.9,27.4,0.0,50.0,100.0,assente
129,2014-06-07,0.0,234.0,6.0,4.0,0.0,0.0,4.0,0.0,0.0,0.0,17.0,0.0,20.0,37.0,0.0,47.0,7.0,28.0,7.0,0.0,0.0,17.0,0.0,0.0,0.0,40.0,24.4,18.3,30.0,0.0,37.0,97.0,assente
130,2014-06-08,0.0,213.0,6.0,0.0,0.0,0.0,0.0,0.0,0.0,0.0,8.0,0.0,13.0,16.0,0.0,39.0,4.0,15.0,4.0,0.0,0.0,3.0,0.0,0.0,0.0,46.0,26.2,19.7,32.9,0.0,30.0,87.0,assente
132,2014-06-10,0.0,150.0,6.0,1.0,0.0,0.0,1.0,0.0,0.0,0.0,2.0,0.0,13.0,15.0,2.0,32.0,2.0,2.0,13.0,0.0,0.0,0.0,0.0,0.0,0.0,85.0,27.4,21.1,33.6,0.0,30.0,79.0,assente
134,2014-06-12,0.0,147.0,11.0,5.0,0.0,0.0,5.0,0.0,0.0,2.0,5.0,2.0,21.0,26.0,0.0,55.0,2.0,11.0,39.0,0.0,0.0,5.0,0.0,0.0,0.0,48.0,27.6,20.2,34.4,1.6,29.0,98.0,assente
135,2014-06-13,0.0,45.0,9.0,0.0,0.0,0.0,0.0,0.0,1.0,0.0,4.0,0.0,12.0,13.0,0.0,18.0,3.0,1.0,23.0,0.0,0.0,1.0,0.0,0.0,0.0,20.0,25.2,19.2,30.6,1.8,39.0,100.0,assente
138,2014-06-16,0.0,36.0,4.0,0.0,0.0,0.0,0.0,0.0,1.0,0.0,1.0,0.0,10.0,11.0,0.0,19.0,4.0,2.0,5.0,0.0,0.0,1.0,0.0,0.0,0.0,14.0,21.1,18.2,24.2,0.0,34.0,70.0,assente
140,2014-06-18,0.0,27.0,3.0,0.0,0.0,0.0,0.0,0.0,0.0,0.0,1.0,0.0,3.0,3.0,0.0,17.0,2.0,0.0,2.0,0.0,0.0,0.0,0.0,0.0,0.0,18.0,21.9,16.4,26.1,0.0,34.0,73.0,assente
142,2014-06-20,0.0,133.0,9.0,2.0,0.0,0.0,2.0,0.0,0.0,1.0,2.0,1.0,5.0,6.0,1.0,21.0,4.0,0.0,6.0,0.0,0.0,0.0,0.0,0.0,0.0,11.0,23.0,16.6,28.7,0.0,31.0,91.0,assente
143,2014-06-21,0.0,65.0,2.0,0.0,0.0,0.0,0.0,0.0,0.0,0.0,1.0,0.0,0.0,1.0,1.0,15.0,3.0,0.0,4.0,0.0,0.0,0.0,0.0,0.0,0.0,9.0,21.8,19.0,25.0,0.0,47.0,92.0,assente
148,2014-06-26,0.0,60.0,2.0,0.0,0.0,0.0,0.0,0.0,0.0,0.0,1.0,0.0,0.0,0.0,0.0,3.0,2.0,1.0,5.0,0.0,0.0,0.0,0.0,0.0,0.0,35.0,21.6,17.4,25.6,0.0,47.0,100.0,assente
152,2014-06-30,0.0,27.0,10.0,0.0,0.0,0.0,0.0,0.0,0.0,0.0,1.0,0.0,9.0,9.0,0.0,5.0,2.0,0.0,6.0,0.0,0.0,0.0,0.0,0.0,0.0,17.0,20.6,15.1,25.6,1.2,39.0,100.0,assente
334,2015-02-16,0.0,0.0,2.0,10.0,0.0,0.0,12.0,2.0,0.0,9.0,148.0,0.0,0.0,0.0,0.0,0.0,2.0,0.0,0.0,0.0,0.0,0.0,0.0,0.0,0.0,0.0,8.9,6.4,13.4,0.0,49.0,90.0,assente
335,2015-02-17,0.0,0.0,2.0,15.0,0.0,0.0,15.0,0.0,0.0,12.0,125.0,0.0,0.0,0.0,0.0,0.0,3.0,0.0,0.0,0.0,0.0,0.0,0.0,0.0,1.0,0.0,8.8,5.3,13.1,0.0,39.0,72.0,assente
336,2015-02-18,0.0,1.0,0.0,4.0,0.0,0.0,4.0,0.0,0.0,3.0,7.0,0.0,0.0,0.0,0.0,0.0,3.0,0.0,0.0,0.0,0.0,0.0,0.0,0.0,0.0,0.0,5.9,2.7,10.3,0.0,45.0,85.0,assente
337,2015-02-19,0.0,1.0,1.0,5.0,0.0,0.0,5.0,0.0,0.0,3.0,21.0,0.0,0.0,0.0,0.0,0.0,4.0,1.0,0.0,0.0,0.0,0.0,0.0,0.0,3.0,0.0,5.3,0.5,11.4,0.0,46.0,100.0,assente
338,2015-02-20,0.0,1.0,0.0,1.0,0.0,0.0,1.0,0.0,0.0,0.0,3.0,0.0,0.0,0.0,0.0,0.0,2.0,0.0,0.0,0.0,0.0,0.0,0.0,0.0,2.0,0.0,4.5,0.6,9.3,0.0,66.0,100.0,assente
339,2015-02-21,0.0,0.0,0.0,18.0,0.0,0.0,18.0,0.0,0.0,9.0,12.0,0.0,0.0,0.0,0.0,0.0,5.0,0.0,0.0,0.0,0.0,0.0,0.0,0.0,4.0,0.0,5.4,1.9,8.1,0.2,80.0,100.0,assente
340,2015-02-22,0.0,0.0,0.0,4.0,0.0,0.0,4.0,0.0,0.0,1.0,5.0,0.0,0.0,0.0,0.0,0.0,4.0,0.0,0.0,0.0,0.0,0.0,0.0,0.0,0.0,0.0,7.6,6.0,10.4,21.0,78.0,100.0,assente
341,2015-02-23,0.0,0.0,0.0,22.0,0.0,0.0,22.0,0.0,0.0,3.0,27.0,0.0,0.0,0.0,0.0,0.0,5.0,0.0,0.0,0.0,0.0,0.0,0.0,0.0,3.0,0.0,8.8,5.2,13.2,0.0,56.0,100.0,assente
342,2015-02-24,0.0,0.0,1.0,18.0,0.0,0.0,20.0,2.0,0.0,2.0,145.0,0.0,0.0,0.0,0.0,1.0,6.0,0.0,0.0,0.0,1.0,0.0,2.0,1.0,6.0,0.0,9.1,7.0,11.1,0.0,73.0,100.0,assente
343,2015-02-25,0.0,1.0,1.0,11.0,0.0,0.0,14.0,3.0,0.0,7.0,40.0,0.0,0.0,0.0,0.0,0.0,15.0,0.0,0.0,0.0,0.0,0.0,0.0,0.0,9.0,0.0,8.9,7.1,12.1,2.0,46.0,86.0,assente
344,2015-02-26,0.0,1.0,0.0,21.0,0.0,0.0,22.0,1.0,0.0,4.0,48.0,0.0,0.0,0.0,0.0,0.0,18.0,0.0,0.0,0.0,2.0,0.0,5.0,3.0,9.0,0.0,9.6,7.8,12.7,0.0,39.0,84.0,assente
345,2015-02-27,0.0,2.0,3.0,28.0,0.0,0.0,33.0,5.0,0.0,8.0,197.0,1.0,0.0,0.0,0.0,0.0,22.0,0.0,0.0,0.0,2.0,0.0,2.0,0.0,19.0,0.0,9.0,5.9,12.6,0.0,48.0,80.0,assente
346,2015-02-28,1.0,0.0,2.0,20.0,0.0,0.0,22.0,2.0,0.0,6.0,45.0,0.0,0.0,0.0,0.0,0.0,10.0,0.0,0.0,0.0,1.0,0.0,1.0,0.0,6.0,0.0,8.9,5.5,13.7,0.0,47.0,96.0,assente
347,2015-03-01,0.0,1.0,0.0,18.0,0.0,0.0,25.0,7.0,0.0,4.0,375.0,0.0,0.0,0.0,0.0,0.0,6.0,0.0,0.0,0.0,7.0,0.0,7.0,0.0,16.0,0.0,8.4,3.7,13.5,0.0,53.0,100.0,assente
348,2015-03-02,0.0,0.0,0.0,11.0,0.0,0.0,12.0,1.0,0.0,0.0,38.0,0.0,0.0,0.0,0.0,1.0,4.0,0.0,0.0,0.0,0.0,0.0,0.0,0.0,2.0,0.0,8.7,5.6,11.1,1.0,77.0,100.0,assente
349,2015-03-03,0.0,1.0,2.0,2.0,0.0,0.0,2.0,0.0,0.0,2.0,37.0,0.0,0.0,0.0,0.0,0.0,6.0,0.0,0.0,0.0,21.0,0.0,21.0,0.0,10.0,0.0,8.1,1.7,14.9,0.0,43.0,100.0,assente
350,2015-03-04,0.0,0.0,5.0,13.0,0.0,0.0,13.0,0.0,0.0,5.0,181.0,0.0,0.0,0.0,0.0,0.0,21.0,0.0,0.0,0.0,39.0,0.0,39.0,0.0,24.0,0.0,9.8,6.1,14.6,0.6,38.0,96.0,assente
351,2015-03-05,2.0,2.0,11.0,25.0,0.0,0.0,25.0,0.0,0.0,14.0,142.0,0.0,0.0,0.0,0.0,0.0,18.0,0.0,0.0,0.0,29.0,0.0,31.0,2.0,22.0,0.0,9.6,6.4,13.5,0.0,22.0,80.0,assente
352,2015-03-06,2.0,0.0,2.0,3.0,0.0,0.0,4.0,1.0,0.0,2.0,93.0,0.0,0.0,0.0,0.0,0.0,9.0,0.0,0.0,0.0,105.0,0.0,108.0,3.0,12.0,0.0,7.3,2.9,13.0,0.0,24.0,74.0,assente
353,2015-03-07,0.0,4.0,3.0,7.0,0.0,0.0,7.0,0.0,0.0,7.0,82.0,0.0,0.0,0.0,0.0,0.0,3.0,0.0,0.0,0.0,18.0,0.0,18.0,0.0,6.0,0.0,7.4,2.3,13.2,0.0,34.0,83.0,assente
354,2015-03-08,2.0,0.0,7.0,10.0,0.0,0.0,10.0,0.0,0.0,7.0,106.0,1.0,0.0,0.0,0.0,0.0,6.0,0.0,0.0,0.0,29.0,0.0,29.0,0.0,19.0,0.0,8.5,3.1,13.6,0.0,32.0,82.0,assente
355,2015-03-09,0.0,2.0,2.0,7.0,0.0,0.0,9.0,2.0,0.0,1.0,44.0,0.0,0.0,0.0,0.0,0.0,2.0,0.0,0.0,0.0,7.0,0.0,7.0,0.0,13.0,0.0,7.4,3.8,10.6,0.0,49.0,86.0,assente
356,2015-03-10,2.0,0.0,2.0,17.0,0.0,0.0,17.0,0.0,0.0,4.0,50.0,0.0,0.0,0.0,0.0,0.0,12.0,0.0,0.0,0.0,24.0,0.0,25.0,1.0,31.0,0.0,8.9,3.5,15.2,0.0,39.0,88.0,assente
357,2015-03-11,5.0,1.0,12.0,7.0,0.0,0.0,14.0,7.0,0.0,11.0,185.0,3.0,0.0,0.0,0.0,0.0,14.0,0.0,0.0,0.0,20.0,0.0,20.0,0.0,18.0,0.0,9.9,5.3,15.9,0.0,43.0,93.0,assente
358,2015-03-12,2.0,2.0,7.0,13.0,0.0,0.0,18.0,5.0,0.0,6.0,132.0,1.0,0.0,0.0,0.0,0.0,5.0,0.0,0.0,0.0,13.0,0.0,14.0,1.0,8.0,0.0,9.7,3.9,15.5,0.0,28.0,100.0,assente
359,2015-03-13,0.0,5.0,2.0,6.0,0.0,0.0,11.0,5.0,0.0,4.0,77.0,0.0,0.0,0.0,0.0,0.0,2.0,0.0,0.0,0.0,21.0,0.0,21.0,0.0,18.0,0.0,8.2,3.1,14.3,0.0,35.0,89.0,assente
360,2015-03-14,0.0,0.0,0.0,5.0,0.0,0.0,5.0,0.0,0.0,1.0,11.0,0.0,0.0,0.0,0.0,0.0,3.0,0.0,0.0,0.0,6.0,0.0,6.0,0.0,2.0,0.0,7.5,3.0,13.1,0.0,47.0,100.0,assente
361,2015-03-15,2.0,0.0,1.0,2.0,0.0,0.0,4.0,2.0,0.0,1.0,29.0,0.0,0.0,0.0,0.0,0.0,7.0,0.0,0.0,0.0,6.0,0.0,6.0,0.0,10.0,0.0,9.2,5.2,12.8,0.0,45.0,100.0,assente
362,2015-03-16,1.0,0.0,0.0,6.0,0.0,0.0,6.0,0.0,0.0,4.0,27.0,1.0,0.0,0.0,0.0,0.0,3.0,0.0,0.0,0.0,3.0,0.0,3.0,0.0,3.0,0.0,8.0,7.1,9.5,19.8,62.0,100.0,assente
363,2015-03-17,0.0,2.0,3.0,10.0,0.0,0.0,13.0,3.0,0.0,5.0,17.0,3.0,0.0,0.0,0.0,0.0,14.0,0.0,0.0,0.0,3.0,0.0,3.0,0.0,8.0,0.0,11.8,7.9,16.0,0.4,51.0,100.0,assente
364,2015-03-18,2.0,1.0,1.0,22.0,0.0,0.0,24.0,2.0,0.0,6.0,74.0,4.0,0.0,0.0,0.0,0.0,14.0,0.0,0.0,0.0,5.0,0.0,9.0,4.0,4.0,0.0,11.5,7.1,16.7,0.0,37.0,98.0,assente
365,2015-03-19,6.0,2.0,2.0,6.0,0.0,0.0,7.0,1.0,0.0,14.0,39.0,9.0,0.0,0.0,0.0,0.0,9.0,0.0,0.0,0.0,7.0,0.0,8.0,1.0,1.0,0.0,11.3,5.8,17.0,0.0,39.0,100.0,assente
366,2015-03-20,5.0,2.0,6.0,5.0,0.0,0.0,10.0,5.0,0.0,16.0,25.0,14.0,0.0,0.0,0.0,0.0,7.0,0.0,0.0,0.0,23.0,0.0,24.0,1.0,2.0,1.0,11.0,6.8,17.1,0.0,47.0,98.0,assente
367,2015-03-21,0.0,0.0,0.0,0.0,0.0,0.0,1.0,1.0,0.0,1.0,10.0,1.0,0.0,0.0,0.0,0.0,2.0,0.0,0.0,0.0,19.0,0.0,20.0,1.0,0.0,0.0,9.9,6.2,13.6,0.0,50.0,100.0,assente
369,2015-03-23,11.0,0.0,3.0,6.0,0.0,0.0,6.0,0.0,0.0,1.0,32.0,1.0,0.0,0.0,0.0,0.0,20.0,0.0,0.0,0.0,27.0,0.0,32.0,5.0,4.0,0.0,11.4,6.6,17.2,0.0,40.0,97.0,assente
370,2015-03-24,51.0,2.0,6.0,2.0,0.0,0.0,5.0,3.0,0.0,1.0,18.0,1.0,0.0,0.0,0.0,5.0,4.0,0.0,0.0,0.0,37.0,0.0,38.0,1.0,0.0,0.0,11.6,6.8,16.5,0.0,41.0,100.0,assente
371,2015-03-25,6.0,2.0,3.0,1.0,0.0,0.0,1.0,0.0,0.0,0.0,14.0,0.0,0.0,0.0,0.0,3.0,7.0,0.0,0.0,0.0,25.0,0.0,26.0,1.0,1.0,9.0,11.1,10.1,12.9,30.8,69.0,100.0,assente
373,2015-03-27,29.0,1.0,4.0,2.0,0.0,0.0,2.0,0.0,0.0,0.0,9.0,0.0,0.0,0.0,0.0,0.0,13.0,1.0,0.0,0.0,19.0,0.0,30.0,11.0,2.0,0.0,11.9,7.9,16.7,2.4,42.0,100.0,assente
374,2015-03-28,39.0,1.0,5.0,4.0,0.0,0.0,4.0,0.0,0.0,3.0,14.0,3.0,0.0,0.0,0.0,5.0,13.0,0.0,0.0,0.0,14.0,0.0,14.0,0.0,0.0,0.0,12.1,5.3,18.1,0.0,32.0,100.0,assente
375,2015-03-29,18.0,4.0,2.0,0.0,0.0,0.0,1.0,1.0,0.0,4.0,11.0,4.0,0.0,0.0,0.0,7.0,14.0,0.0,0.0,2.0,22.0,0.0,24.0,2.0,1.0,2.0,11.7,7.0,16.9,0.0,37.0,100.0,assente
376,2015-03-30,15.0,3.0,7.0,0.0,0.0,0.0,2.0,2.0,0.0,3.0,24.0,3.0,0.0,0.0,0.0,2.0,19.0,0.0,0.0,0.0,14.0,0.0,18.0,4.0,0.0,1.0,12.9,7.7,20.1,0.0,42.0,100.0,assente
377,2015-03-31,8.0,5.0,0.0,1.0,0.0,0.0,1.0,0.0,0.0,1.0,14.0,1.0,0.0,1.0,0.0,4.0,17.0,0.0,0.0,3.0,13.0,1.0,13.0,0.0,0.0,2.0,13.7,9.0,20.5,0.0,51.0,100.0,assente
378,2015-04-01,6.0,4.0,4.0,1.0,0.0,0.0,10.0,9.0,0.0,12.0,13.0,12.0,0.0,4.0,0.0,19.0,19.0,0.0,0.0,1.0,43.0,4.0,44.0,1.0,0.0,2.0,14.9,9.8,20.9,0.0,11.0,100.0,assente
379,2015-04-02,14.0,4.0,7.0,2.0,0.0,0.0,6.0,4.0,0.0,9.0,12.0,9.0,0.0,6.0,0.0,18.0,12.0,1.0,0.0,94.0,28.0,6.0,28.0,0.0,0.0,1.0,13.1,7.4,18.6,0.0,27.0,100.0,assente
380,2015-04-03,8.0,2.0,5.0,0.0,0.0,0.0,1.0,1.0,0.0,6.0,8.0,6.0,0.0,7.0,0.0,6.0,12.0,1.0,0.0,188.0,11.0,7.0,14.0,3.0,0.0,2.0,11.9,7.1,16.1,0.0,28.0,100.0,assente
381,2015-04-04,5.0,0.0,2.0,0.0,0.0,0.0,4.0,4.0,0.0,1.0,3.0,1.0,0.0,0.0,0.0,3.0,4.0,0.0,0.0,3.0,3.0,0.0,3.0,0.0,0.0,0.0,9.8,7.6,11.5,0.6,53.0,100.0,assente
382,2015-04-05,5.0,0.0,2.0,0.0,0.0,0.0,1.0,1.0,0.0,8.0,3.0,8.0,0.0,7.0,0.0,0.0,9.0,1.0,0.0,4.0,14.0,7.0,15.0,1.0,0.0,0.0,10.1,7.1,14.7,0.0,37.0,100.0,assente
383,2015-04-06,6.0,0.0,2.0,1.0,0.0,0.0,3.0,2.0,0.0,8.0,1.0,8.0,0.0,1.0,0.0,5.0,6.0,0.0,0.0,55.0,2.0,1.0,2.0,0.0,0.0,1.0,9.5,4.0,14.4,0.0,21.0,70.0,assente
384,2015-04-07,3.0,1.0,7.0,3.0,0.0,0.0,6.0,3.0,0.0,12.0,2.0,12.0,0.0,2.0,0.0,8.0,5.0,0.0,0.0,37.0,11.0,2.0,13.0,2.0,0.0,2.0,10.5,3.8,16.7,0.0,18.0,87.0,assente
385,2015-04-08,0.0,2.0,25.0,0.0,0.0,0.0,14.0,14.0,1.0,29.0,6.0,29.0,0.0,20.0,0.0,18.0,12.0,0.0,0.0,93.0,9.0,20.0,13.0,4.0,0.0,2.0,11.5,4.3,18.8,0.0,26.0,94.0,assente
386,2015-04-09,1.0,1.0,10.0,2.0,0.0,0.0,3.0,1.0,0.0,11.0,7.0,11.0,0.0,6.0,0.0,9.0,11.0,0.0,0.0,205.0,4.0,6.0,9.0,5.0,0.0,1.0,12.8,6.1,19.4,0.0,35.0,100.0,assente
387,2015-04-10,0.0,2.0,20.0,0.0,0.0,0.0,7.0,7.0,0.0,18.0,27.0,18.0,0.0,2.0,0.0,13.0,16.0,0.0,0.0,243.0,13.0,2.0,18.0,6.0,0.0,10.0,13.3,7.4,20.0,0.0,34.0,100.0,assente
388,2015-04-11,2.0,0.0,32.0,0.0,0.0,0.0,3.0,3.0,0.0,27.0,3.0,27.0,0.0,9.0,0.0,21.0,9.0,0.0,0.0,158.0,17.0,9.0,31.0,15.0,0.0,7.0,13.9,8.5,20.6,0.0,45.0,100.0,assente
389,2015-04-12,0.0,3.0,21.0,0.0,0.0,0.0,7.0,7.0,0.0,22.0,4.0,22.0,0.0,3.0,0.0,15.0,10.0,0.0,0.0,126.0,2.0,3.0,17.0,15.0,0.0,27.0,15.8,9.7,23.2,0.0,39.0,100.0,assente
390,2015-04-13,0.0,3.0,31.0,0.0,0.0,0.0,5.0,5.0,0.0,28.0,6.0,28.0,0.0,9.0,0.0,19.0,17.0,1.0,0.0,119.0,2.0,9.0,15.0,13.0,0.0,58.0,17.9,11.1,25.4,0.0,36.0,98.0,assente
391,2015-04-14,2.0,7.0,41.0,2.0,0.0,0.0,19.0,18.0,0.0,54.0,24.0,54.0,0.0,35.0,0.0,31.0,57.0,1.0,0.0,239.0,2.0,35.0,34.0,32.0,0.0,48.0,17.2,12.9,23.0,0.0,40.0,90.0,assente
392,2015-04-15,2.0,4.0,27.0,0.0,0.0,0.0,16.0,16.0,0.0,65.0,6.0,65.0,0.0,16.0,0.0,21.0,32.0,0.0,0.0,154.0,3.0,16.0,25.0,22.0,0.0,40.0,17.0,11.2,23.6,0.0,40.0,100.0,assente
393,2015-04-16,0.0,3.0,41.0,0.0,0.0,0.0,9.0,9.0,0.0,41.0,8.0,41.0,0.0,25.0,0.0,65.0,35.0,0.0,0.0,173.0,1.0,25.0,30.0,29.0,0.0,101.0,17.5,11.3,23.4,0.0,39.0,100.0,assente
394,2015-04-17,1.0,0.0,40.0,0.0,0.0,0.0,19.0,19.0,0.0,76.0,32.0,76.0,0.0,19.0,0.0,27.0,68.0,0.0,0.0,111.0,0.0,19.0,14.0,14.0,0.0,108.0,15.4,13.1,19.0,2.4,60.0,100.0,assente
395,2015-04-18,1.0,7.0,8.0,0.0,0.0,0.0,2.0,2.0,0.0,9.0,1.0,9.0,0.0,12.0,0.0,6.0,17.0,2.0,1.0,43.0,0.0,12.0,5.0,5.0,0.0,21.0,11.9,7.2,19.1,14.6,62.0,100.0,assente
396,2015-04-19,0.0,1.0,4.0,0.0,0.0,0.0,5.0,5.0,0.0,1.0,1.0,1.0,0.0,4.0,0.0,12.0,6.0,0.0,0.0,35.0,1.0,4.0,2.0,1.0,0.0,28.0,11.0,6.9,16.1,0.0,38.0,100.0,assente
397,2015-04-20,3.0,3.0,20.0,1.0,0.0,0.0,5.0,4.0,0.0,5.0,1.0,5.0,0.0,12.0,0.0,36.0,42.0,0.0,0.0,18.0,0.0,12.0,12.0,12.0,0.0,149.0,13.8,7.4,20.6,0.0,33.0,81.0,assente
398,2015-04-21,1.0,7.0,52.0,0.0,0.0,0.0,6.0,6.0,0.0,27.0,3.0,27.0,0.0,45.0,0.0,165.0,123.0,0.0,0.0,38.0,0.0,45.0,5.0,5.0,0.0,522.0,16.7,8.9,24.4,0.0,29.0,100.0,assente
399,2015-04-22,0.0,2.0,42.0,0.0,0.0,0.0,18.0,18.0,0.0,45.0,4.0,45.0,0.0,49.0,0.0,207.0,91.0,9.0,2.0,68.0,0.0,49.0,6.0,6.0,0.0,494.0,17.7,11.0,24.7,0.0,44.0,98.0,assente
400,2015-04-23,0.0,9.0,45.0,0.0,0.0,0.0,9.0,9.0,0.0,89.0,83.0,89.0,0.0,94.0,1.0,254.0,227.0,15.0,0.0,35.0,0.0,93.0,4.0,4.0,1.0,376.0,17.0,11.9,22.6,0.0,30.0,81.0,assente
401,2015-04-24,0.0,1.0,18.0,0.0,0.0,0.0,2.0,2.0,0.0,18.0,18.0,18.0,0.0,52.0,0.0,198.0,65.0,5.0,0.0,39.0,0.0,52.0,1.0,1.0,0.0,151.0,16.2,12.6,20.4,0.0,50.0,100.0,assente
402,2015-04-25,0.0,5.0,14.0,0.0,0.0,0.0,3.0,3.0,0.0,7.0,8.0,7.0,0.0,18.0,0.0,110.0,24.0,2.0,0.0,7.0,0.0,18.0,1.0,1.0,0.0,263.0,15.7,12.2,19.4,0.0,62.0,100.0,assente
403,2015-04-26,0.0,1.0,8.0,0.0,0.0,0.0,1.0,1.0,0.0,4.0,1.0,4.0,0.0,23.0,0.0,52.0,28.0,2.0,0.0,16.0,0.0,23.0,1.0,1.0,0.0,358.0,16.5,13.6,21.3,14.4,59.0,100.0,assente
404,2015-04-27,0.0,0.0,0.0,0.0,0.0,0.0,1.0,1.0,0.0,1.0,2.0,1.0,0.0,4.0,0.0,51.0,6.0,0.0,0.0,1.0,0.0,4.0,0.0,0.0,0.0,7.0,14.8,13.8,16.1,17.6,95.0,100.0,assente
405,2015-04-28,0.0,3.0,8.0,0.0,0.0,0.0,0.0,0.0,0.0,2.0,2.0,2.0,0.0,5.0,0.0,10.0,11.0,0.0,0.0,4.0,0.0,5.0,0.0,0.0,0.0,218.0,15.4,13.4,19.0,7.4,65.0,100.0,assente
406,2015-04-29,0.0,3.0,25.0,0.0,0.0,0.0,3.0,3.0,0.0,6.0,7.0,6.0,0.0,10.0,0.0,50.0,52.0,5.0,0.0,1.0,0.0,10.0,0.0,0.0,0.0,100.0,14.5,11.8,18.1,6.2,52.0,97.0,assente
407,2015-04-30,0.0,4.0,15.0,0.0,0.0,0.0,0.0,0.0,0.0,2.0,3.0,2.0,0.0,10.0,0.0,58.0,20.0,1.0,0.0,1.0,0.0,10.0,0.0,0.0,0.0,107.0,15.1,12.4,19.4,0.4,52.0,93.0,assente
408,2015-05-01,0.0,3.0,23.0,0.0,0.0,0.0,1.0,1.0,0.0,2.0,5.0,2.0,0.0,40.0,0.0,132.0,106.0,6.0,0.0,1.0,0.0,40.0,0.0,0.0,0.0,52.0,13.6,11.7,15.4,1.6,75.0,95.0,assente
409,2015-05-02,0.0,6.0,13.0,0.0,0.0,0.0,0.0,0.0,0.0,0.0,0.0,0.0,0.0,3.0,0.0,52.0,49.0,0.0,0.0,0.0,0.0,3.0,0.0,0.0,0.0,104.0,16.2,12.3,20.4,0.0,58.0,96.0,assente
410,2015-05-03,0.0,12.0,21.0,0.0,0.0,0.0,0.0,0.0,0.0,1.0,6.0,1.0,0.0,28.0,0.0,55.0,48.0,2.0,0.0,2.0,0.0,28.0,0.0,0.0,0.0,68.0,17.5,15.6,19.8,0.0,68.0,92.0,assente
411,2015-05-04,0.0,7.0,32.0,0.0,0.0,0.0,3.0,3.0,0.0,1.0,8.0,1.0,0.0,32.0,0.0,65.0,42.0,0.0,0.0,0.0,0.0,32.0,0.0,0.0,0.0,125.0,18.1,15.9,21.8,0.0,68.0,95.0,assente
412,2015-05-05,0.0,22.0,28.0,0.0,0.0,0.0,2.0,2.0,0.0,7.0,42.0,7.0,0.0,51.0,0.0,83.0,70.0,3.0,2.0,1.0,0.0,51.0,0.0,0.0,0.0,48.0,18.3,15.0,23.8,0.0,57.0,100.0,assente
413,2015-05-06,0.0,52.0,52.0,1.0,0.0,0.0,2.0,1.0,0.0,1.0,25.0,1.0,0.0,100.0,0.0,192.0,226.0,7.0,0.0,0.0,0.0,100.0,0.0,0.0,0.0,99.0,19.5,13.3,24.4,0.0,56.0,100.0,assente
414,2015-05-07,0.0,25.0,88.0,0.0,0.0,0.0,3.0,3.0,0.0,5.0,28.0,5.0,0.0,92.0,0.0,154.0,277.0,80.0,1.0,0.0,0.0,92.0,0.0,0.0,0.0,78.0,20.9,16.7,26.2,0.0,43.0,92.0,assente
415,2015-05-08,0.0,18.0,49.0,0.0,0.0,0.0,1.0,1.0,0.0,6.0,27.0,6.0,0.0,48.0,0.0,181.0,157.0,48.0,0.0,1.0,0.0,48.0,0.0,0.0,0.0,59.0,21.5,15.9,27.1,0.0,33.0,83.0,assente
416,2015-05-09,0.0,9.0,36.0,0.0,0.0,0.0,3.0,3.0,0.0,6.0,5.0,6.0,0.0,49.0,0.0,105.0,56.0,8.0,2.0,2.0,0.0,49.0,0.0,0.0,0.0,32.0,22.1,16.8,26.8,0.0,34.0,82.0,assente
417,2015-05-10,1.0,11.0,25.0,0.0,0.0,0.0,0.0,0.0,0.0,2.0,5.0,2.0,0.0,46.0,0.0,96.0,18.0,4.0,0.0,0.0,0.0,46.0,0.0,0.0,0.0,44.0,22.0,15.9,27.6,0.0,31.0,77.0,assente
418,2015-05-11,0.0,9.0,37.0,0.0,0.0,0.0,0.0,0.0,0.0,1.0,3.0,1.0,0.0,32.0,0.0,83.0,13.0,18.0,3.0,0.0,0.0,32.0,0.0,0.0,0.0,20.0,21.0,15.7,25.9,0.0,39.0,82.0,assente
419,2015-05-12,2.0,21.0,43.0,0.0,0.0,0.0,0.0,0.0,0.0,3.0,1.0,3.0,0.0,35.0,0.0,117.0,47.0,31.0,0.0,0.0,0.0,35.0,0.0,0.0,0.0,17.0,20.9,15.6,25.8,0.0,33.0,89.0,assente
420,2015-05-13,0.0,28.0,32.0,1.0,0.0,0.0,2.0,1.0,0.0,5.0,6.0,5.0,0.0,39.0,0.0,94.0,45.0,36.0,5.0,0.0,0.0,39.0,0.0,0.0,0.0,36.0,20.2,15.7,25.3,0.0,46.0,84.0,assente
421,2015-05-14,0.0,18.0,63.0,1.0,0.0,0.0,2.0,1.0,0.0,6.0,23.0,6.0,0.0,96.0,0.0,152.0,74.0,89.0,4.0,0.0,0.0,96.0,0.0,0.0,0.0,24.0,21.1,17.2,25.7,0.0,51.0,92.0,assente
422,2015-05-15,0.0,5.0,29.0,0.0,0.0,0.0,0.0,0.0,0.0,1.0,4.0,1.0,0.0,47.0,0.0,69.0,32.0,48.0,3.0,0.0,0.0,47.0,0.0,0.0,0.0,6.0,17.6,15.9,20.0,4.4,60.0,95.0,assente
423,2015-05-16,0.0,12.0,18.0,0.0,0.0,0.0,0.0,0.0,0.0,1.0,3.0,1.0,0.0,47.0,0.0,27.0,54.0,27.0,1.0,0.0,0.0,47.0,0.0,0.0,0.0,6.0,20.7,17.0,26.2,0.0,49.0,81.0,assente
424,2015-05-17,0.0,18.0,32.0,0.0,0.0,0.0,0.0,0.0,0.0,1.0,1.0,1.0,0.0,31.0,0.0,49.0,53.0,47.0,4.0,0.0,0.0,31.0,0.0,0.0,0.0,19.0,22.3,16.9,27.6,0.0,33.0,89.0,assente
425,2015-05-18,0.0,11.0,9.0,0.0,0.0,0.0,0.0,0.0,0.0,0.0,0.0,0.0,0.0,11.0,0.0,58.0,14.0,23.0,7.0,0.0,0.0,11.0,0.0,0.0,0.0,9.0,22.3,18.1,27.2,0.0,39.0,78.0,assente
426,2015-05-19,0.0,21.0,9.0,0.0,0.0,0.0,0.0,0.0,0.0,0.0,8.0,0.0,0.0,32.0,0.0,25.0,15.0,9.0,0.0,0.0,0.0,32.0,0.0,0.0,0.0,15.0,21.7,17.2,26.9,0.0,43.0,89.0,assente
427,2015-05-20,0.0,12.0,19.0,2.0,0.0,0.0,2.0,0.0,0.0,0.0,5.0,0.0,0.0,75.0,0.0,58.0,18.0,98.0,3.0,0.0,0.0,75.0,0.0,0.0,0.0,22.0,18.8,15.7,21.5,0.8,60.0,93.0,assente
428,2015-05-21,0.0,6.0,19.0,1.0,0.0,0.0,1.0,0.0,0.0,0.0,1.0,0.0,0.0,24.0,0.0,12.0,9.0,12.0,1.0,0.0,0.0,24.0,0.0,0.0,0.0,2.0,15.2,11.6,20.9,40.6,56.0,96.0,assente
429,2015-05-22,0.0,2.0,3.0,2.0,0.0,0.0,3.0,1.0,0.0,0.0,0.0,0.0,0.0,1.0,0.0,2.0,2.0,27.0,0.0,0.0,0.0,1.0,0.0,0.0,0.0,0.0,13.6,11.7,14.8,6.0,85.0,97.0,assente
431,2015-05-24,0.0,16.0,12.0,0.0,0.0,0.0,0.0,0.0,0.0,0.0,0.0,0.0,0.0,2.0,0.0,10.0,3.0,0.0,2.0,0.0,0.0,2.0,0.0,0.0,0.0,8.0,17.5,12.0,22.5,0.0,41.0,92.0,assente
432,2015-05-25,0.0,64.0,6.0,1.0,0.0,0.0,1.0,0.0,0.0,2.0,1.0,2.0,0.0,5.0,0.0,37.0,6.0,12.0,3.0,0.0,0.0,5.0,0.0,0.0,0.0,20.0,18.7,14.2,24.8,4.0,44.0,92.0,assente
433,2015-05-26,0.0,2.0,5.0,0.0,0.0,0.0,0.0,0.0,0.0,0.0,0.0,0.0,0.0,4.0,0.0,13.0,3.0,2.0,2.0,0.0,0.0,4.0,0.0,0.0,0.0,4.0,17.0,14.0,22.0,2.0,52.0,94.0,assente
435,2015-05-28,0.0,46.0,5.0,3.0,0.0,0.0,3.0,0.0,0.0,0.0,0.0,0.0,0.0,9.0,0.0,31.0,8.0,16.0,2.0,0.0,0.0,9.0,0.0,0.0,0.0,13.0,17.8,13.3,22.2,0.0,46.0,82.0,assente
436,2015-05-29,0.0,56.0,18.0,7.0,0.0,0.0,7.0,0.0,0.0,0.0,1.0,0.0,0.0,10.0,0.0,21.0,11.0,6.0,2.0,0.0,0.0,10.0,0.0,0.0,0.0,8.0,18.7,13.0,23.8,0.0,47.0,83.0,assente
437,2015-05-30,0.0,52.0,11.0,2.0,0.0,0.0,2.0,0.0,0.0,0.0,9.0,0.0,0.0,17.0,0.0,35.0,9.0,14.0,7.0,0.0,0.0,17.0,0.0,0.0,0.0,11.0,20.4,14.9,25.1,0.0,50.0,88.0,assente
438,2015-05-31,0.0,25.0,13.0,1.0,0.0,0.0,1.0,0.0,0.0,0.0,10.0,0.0,0.0,16.0,0.0,10.0,19.0,9.0,1.0,0.0,0.0,16.0,0.0,0.0,0.0,6.0,20.2,17.1,24.6,0.0,42.0,89.0,assente
439,2015-06-01,0.0,35.0,8.0,0.0,0.0,0.0,0.0,0.0,0.0,0.0,7.0,0.0,0.0,17.0,0.0,15.0,21.0,2.0,4.0,0.0,0.0,17.0,0.0,0.0,0.0,7.0,21.5,15.9,27.1,0.0,44.0,89.0,assente
440,2015-06-02,0.0,52.0,12.0,0.0,0.0,0.0,0.0,0.0,0.0,0.0,3.0,0.0,0.0,3.0,0.0,11.0,8.0,0.0,1.0,0.0,0.0,3.0,0.0,0.0,0.0,11.0,23.3,18.3,28.4,0.0,49.0,92.0,assente
441,2015-06-03,0.0,52.0,14.0,3.0,0.0,0.0,3.0,0.0,0.0,0.0,3.0,0.0,18.0,23.0,0.0,22.0,10.0,1.0,3.0,0.0,0.0,5.0,0.0,0.0,0.0,24.0,25.0,18.8,30.7,0.0,40.0,89.0,assente
442,2015-06-04,0.0,79.0,20.0,8.0,0.0,0.0,8.0,0.0,0.0,0.0,1.0,0.0,6.0,6.0,0.0,38.0,7.0,5.0,13.0,0.0,0.0,0.0,0.0,0.0,0.0,45.0,26.9,21.4,32.7,0.0,34.0,89.0,assente
443,2015-06-05,0.0,95.0,15.0,3.0,0.0,0.0,3.0,0.0,0.0,0.0,2.0,0.0,2.0,4.0,0.0,34.0,7.0,6.0,9.0,0.0,0.0,2.0,0.0,0.0,0.0,32.0,26.8,22.8,31.3,0.0,47.0,73.0,assente
444,2015-06-06,0.0,81.0,12.0,5.0,0.0,0.0,5.0,0.0,0.0,0.0,1.0,0.0,1.0,6.0,0.0,60.0,3.0,12.0,13.0,0.0,0.0,5.0,0.0,0.0,0.0,41.0,26.7,22.6,31.0,0.0,51.0,82.0,assente
445,2015-06-07,0.0,64.0,11.0,1.0,0.0,0.0,1.0,0.0,0.0,0.0,0.0,0.0,2.0,4.0,0.0,34.0,7.0,2.0,5.0,0.0,0.0,2.0,0.0,0.0,0.0,6.0,26.8,22.2,32.3,0.0,27.0,87.0,assente
447,2015-06-09,0.0,24.0,6.0,1.0,0.0,0.0,1.0,0.0,0.0,0.0,0.0,0.0,1.0,1.0,0.0,20.0,4.0,1.0,2.0,0.0,0.0,0.0,0.0,0.0,0.0,16.0,25.3,19.5,30.5,0.0,34.0,73.0,assente
448,2015-06-10,0.0,54.0,34.0,0.0,0.0,0.0,0.0,0.0,0.0,0.0,1.0,0.0,27.0,28.0,0.0,35.0,2.0,1.0,14.0,0.0,0.0,1.0,0.0,0.0,0.0,14.0,25.3,20.5,29.7,0.0,41.0,74.0,assente
450,2015-06-12,0.0,114.0,7.0,0.0,0.0,0.0,0.0,0.0,0.0,0.0,0.0,0.0,6.0,9.0,0.0,50.0,3.0,0.0,12.0,0.0,0.0,3.0,0.0,0.0,0.0,13.0,24.3,20.7,29.5,5.6,46.0,89.0,assente
451,2015-06-13,0.0,54.0,10.0,0.0,0.0,0.0,0.0,0.0,0.0,0.0,0.0,0.0,3.0,5.0,0.0,16.0,2.0,3.0,3.0,0.0,0.0,2.0,0.0,0.0,0.0,4.0,25.3,20.9,30.4,0.0,38.0,88.0,assente
463,2015-06-28,0.0,65.0,3.0,0.0,0.0,0.0,0.0,0.0,0.0,0.0,3.0,0.0,4.0,4.0,0.0,16.0,2.0,0.0,4.0,0.0,0.0,0.0,0.0,0.0,0.0,18.0,23.9,18.0,29.2,0.0,41.0,88.0,assente
640,2016-02-04,0.0,4.0,2.0,7.0,0.0,0.0,7.0,0.0,0.0,177.0,16.0,0.0,0.0,0.0,0.0,0.0,2.0,1.0,0.0,0.0,0.0,0.0,0.0,0.0,0.0,0.0,8.0,3.7,13.8,0.2,18.0,95.0,assente
641,2016-02-05,0.0,1.0,0.0,11.0,0.0,0.0,11.0,0.0,0.0,74.0,10.0,0.0,0.0,0.0,0.0,0.0,3.0,0.0,0.0,0.0,0.0,0.0,0.0,0.0,1.0,0.0,6.6,2.1,12.2,0.0,49.0,86.0,assente
642,2016-02-06,0.0,2.0,0.0,7.0,0.0,0.0,7.0,0.0,0.0,12.0,2.0,0.0,0.0,0.0,0.0,0.0,2.0,0.0,0.0,0.0,0.0,0.0,0.0,0.0,1.0,0.0,6.8,3.0,12.0,0.0,54.0,94.0,assente
643,2016-02-07,0.0,1.0,0.0,5.0,0.0,0.0,5.0,0.0,0.0,4.0,0.0,0.0,0.0,0.0,0.0,0.0,3.0,0.0,0.0,0.0,0.0,0.0,0.0,0.0,0.0,0.0,7.1,4.6,8.7,14.0,85.0,98.0,assente
645,2016-02-09,0.0,2.0,2.0,19.0,0.0,0.0,19.0,0.0,0.0,11.0,14.0,0.0,0.0,0.0,0.0,0.0,6.0,0.0,0.0,0.0,0.0,0.0,0.0,0.0,6.0,0.0,8.7,6.6,10.5,9.8,84.0,98.0,assente
646,2016-02-10,0.0,11.0,1.0,150.0,0.0,0.0,150.0,0.0,0.0,62.0,53.0,0.0,0.0,0.0,0.0,0.0,14.0,0.0,0.0,0.0,0.0,0.0,0.0,0.0,11.0,0.0,8.9,5.4,13.4,3.6,36.0,98.0,assente
647,2016-02-11,0.0,4.0,1.0,108.0,0.0,0.0,108.0,0.0,0.0,103.0,17.0,0.0,0.0,0.0,0.0,0.0,9.0,1.0,0.0,0.0,0.0,0.0,0.0,0.0,5.0,0.0,6.3,1.7,11.7,0.0,42.0,93.0,assente
648,2016-02-12,0.0,1.0,0.0,86.0,0.0,0.0,86.0,0.0,0.0,22.0,4.0,0.0,0.0,0.0,0.0,0.0,3.0,0.0,0.0,0.0,0.0,0.0,0.0,0.0,7.0,0.0,6.4,4.0,9.7,15.6,66.0,98.0,assente
651,2016-02-15,0.0,2.0,0.0,10.0,0.0,0.0,10.0,0.0,0.0,3.0,4.0,0.0,0.0,0.0,0.0,0.0,4.0,0.0,0.0,0.0,0.0,0.0,0.0,0.0,3.0,0.0,8.5,6.3,12.5,8.6,69.0,98.0,assente
652,2016-02-16,0.0,3.0,0.0,124.0,0.0,0.0,124.0,0.0,0.0,13.0,34.0,0.0,0.0,0.0,0.0,0.0,10.0,0.0,0.0,0.0,1.0,0.0,1.0,0.0,6.0,0.0,8.8,6.9,11.6,10.6,62.0,94.0,assente
654,2016-02-18,0.0,6.0,0.0,196.0,0.0,0.0,196.0,0.0,0.0,46.0,252.0,0.0,0.0,0.0,0.0,0.0,22.0,0.0,0.0,0.0,0.0,0.0,0.0,0.0,63.0,0.0,9.5,5.5,15.0,0.0,53.0,96.0,assente
655,2016-02-19,1.0,3.0,5.0,218.0,0.0,0.0,218.0,0.0,0.0,36.0,668.0,0.0,0.0,0.0,0.0,0.0,32.0,0.0,0.0,0.0,11.0,0.0,11.0,0.0,91.0,0.0,9.6,6.1,14.5,12.4,48.0,96.0,assente
656,2016-02-20,2.0,1.0,0.0,27.0,0.0,0.0,27.0,0.0,0.0,27.0,187.0,0.0,0.0,0.0,0.0,0.0,5.0,0.0,0.0,0.0,9.0,0.0,9.0,0.0,20.0,0.0,8.4,4.4,12.8,0.4,36.0,95.0,assente
657,2016-02-21,0.0,2.0,0.0,42.0,0.0,0.0,42.0,0.0,0.0,27.0,38.0,0.0,0.0,0.0,0.0,0.0,6.0,0.0,0.0,0.0,7.0,0.0,7.0,0.0,13.0,0.0,8.0,3.4,13.4,0.0,54.0,90.0,assente
658,2016-02-22,0.0,2.0,0.0,35.0,0.0,0.0,35.0,0.0,0.0,46.0,53.0,0.0,0.0,0.0,0.0,0.0,10.0,0.0,0.0,0.0,15.0,0.0,15.0,0.0,22.0,0.0,9.6,7.5,12.6,0.0,64.0,90.0,assente
659,2016-02-23,0.0,3.0,2.0,59.0,0.0,0.0,59.0,0.0,0.0,36.0,260.0,0.0,0.0,0.0,0.0,0.0,9.0,1.0,0.0,0.0,32.0,0.0,32.0,0.0,79.0,0.0,11.3,9.0,15.1,0.0,68.0,97.0,assente
660,2016-02-24,1.0,3.0,1.0,113.0,0.0,0.0,113.0,0.0,0.0,44.0,251.0,0.0,0.0,0.0,0.0,0.0,5.0,1.0,0.0,0.0,46.0,0.0,46.0,0.0,47.0,0.0,10.0,7.7,12.8,0.0,39.0,100.0,assente
661,2016-02-25,0.0,6.0,0.0,90.0,0.0,0.0,90.0,0.0,0.0,32.0,57.0,0.0,0.0,0.0,0.0,0.0,17.0,0.0,0.0,0.0,22.0,0.0,23.0,1.0,53.0,0.0,7.6,4.7,9.6,0.0,55.0,94.0,assente
662,2016-02-26,0.0,6.0,0.0,35.0,0.0,0.0,35.0,0.0,0.0,17.0,49.0,0.0,0.0,0.0,0.0,0.0,14.0,0.0,0.0,0.0,29.0,0.0,29.0,0.0,57.0,0.0,6.2,3.4,8.0,0.0,61.0,98.0,assente
663,2016-02-27,0.0,0.0,0.0,5.0,0.0,0.0,5.0,0.0,0.0,1.0,9.0,0.0,0.0,0.0,0.0,0.0,4.0,0.0,0.0,0.0,18.0,0.0,18.0,0.0,31.0,0.0,5.8,5.0,7.4,10.6,63.0,100.0,assente
666,2016-03-01,0.0,0.0,0.0,3.0,0.0,0.0,3.0,0.0,0.0,3.0,101.0,0.0,0.0,0.0,0.0,0.0,15.0,0.0,0.0,0.0,10.0,0.0,11.0,0.0,3.0,0.0,10.2,7.1,14.4,1.2,65.0,100.0,assente
667,2016-03-02,2.0,4.0,0.0,50.0,0.0,0.0,51.0,1.0,0.0,53.0,190.0,0.0,0.0,0.0,0.0,0.0,15.0,0.0,0.0,0.0,15.0,0.0,15.0,0.0,14.0,0.0,9.9,6.0,14.1,0.0,56.0,98.0,assente
669,2016-03-04,0.0,2.0,1.0,6.0,0.0,0.0,7.0,1.0,0.0,10.0,75.0,0.0,0.0,0.0,0.0,0.0,3.0,0.0,0.0,0.0,4.0,0.0,4.0,0.0,2.0,0.0,8.1,2.5,13.5,0.0,34.0,97.0,assente
670,2016-03-05,0.0,1.0,0.0,3.0,0.0,0.0,3.0,0.0,0.0,1.0,43.0,0.0,0.0,0.0,0.0,0.0,3.0,0.0,0.0,0.0,4.0,0.0,6.0,2.0,7.0,0.0,8.2,6.8,11.1,12.8,78.0,100.0,assente
671,2016-03-06,0.0,2.0,0.0,1.0,0.0,0.0,1.0,0.0,0.0,0.0,13.0,0.0,0.0,0.0,0.0,0.0,2.0,0.0,0.0,0.0,1.0,0.0,1.0,0.0,0.0,0.0,6.6,3.7,10.2,0.0,75.0,100.0,assente
674,2016-03-09,0.0,0.0,0.0,6.0,0.0,0.0,6.0,0.0,0.0,3.0,10.0,0.0,0.0,0.0,0.0,0.0,3.0,0.0,0.0,0.0,2.0,0.0,3.0,0.0,10.0,0.0,7.8,4.8,10.4,0.6,53.0,93.0,assente
675,2016-03-10,0.0,1.0,2.0,11.0,0.0,0.0,12.0,1.0,0.0,11.0,95.0,0.0,0.0,0.0,0.0,0.0,5.0,0.0,0.0,0.0,5.0,0.0,6.0,1.0,12.0,0.0,10.8,6.0,15.9,0.0,39.0,75.0,assente
676,2016-03-11,0.0,1.0,1.0,35.0,0.0,0.0,38.0,2.0,0.0,14.0,162.0,0.0,0.0,0.0,0.0,0.0,16.0,0.0,0.0,0.0,3.0,0.0,6.0,2.0,6.0,0.0,11.1,8.5,14.2,0.0,48.0,77.0,assente
677,2016-03-12,3.0,0.0,1.0,7.0,0.0,0.0,9.0,1.0,0.0,5.0,59.0,0.0,0.0,0.0,0.0,2.0,4.0,0.0,0.0,0.0,8.0,0.0,13.0,5.0,6.0,0.0,12.3,8.8,16.1,0.0,44.0,79.0,assente
678,2016-03-13,5.0,1.0,1.0,15.0,0.0,0.0,17.0,2.0,0.0,5.0,72.0,2.0,0.0,0.0,0.0,2.0,3.0,0.0,0.0,0.0,36.0,0.0,38.0,2.0,7.0,0.0,11.3,8.4,15.4,0.0,39.0,68.0,assente
679,2016-03-14,8.0,4.0,0.0,5.0,0.0,0.0,6.0,1.0,0.0,6.0,16.0,0.0,0.0,0.0,0.0,0.0,11.0,0.0,0.0,0.0,29.0,0.0,29.0,0.0,2.0,0.0,10.3,6.6,14.4,0.0,40.0,72.0,assente
680,2016-03-15,6.0,3.0,1.0,14.0,0.0,0.0,17.0,2.0,0.0,8.0,17.0,1.0,0.0,0.0,0.0,1.0,4.0,0.0,0.0,0.0,31.0,0.0,36.0,5.0,5.0,0.0,7.7,3.6,11.8,0.8,53.0,91.0,assente
681,2016-03-16,6.0,0.0,3.0,3.0,0.0,0.0,3.0,0.0,0.0,5.0,8.0,3.0,0.0,0.0,0.0,0.0,5.0,0.0,0.0,0.0,44.0,0.0,47.0,2.0,3.0,0.0,8.2,5.1,11.8,0.0,41.0,86.0,assente
682,2016-03-17,14.0,2.0,3.0,2.0,0.0,0.0,2.0,0.0,0.0,7.0,9.0,6.0,0.0,0.0,0.0,2.0,2.0,0.0,0.0,0.0,50.0,0.0,53.0,2.0,2.0,0.0,10.2,7.2,15.1,0.0,41.0,76.0,assente
683,2016-03-18,18.0,5.0,7.0,5.0,0.0,0.0,8.0,2.0,0.0,16.0,67.0,11.0,0.0,0.0,0.0,1.0,3.0,0.0,0.0,0.0,76.0,0.0,76.0,0.0,3.0,0.0,10.6,5.1,17.0,0.0,37.0,85.0,assente
684,2016-03-19,23.0,2.0,5.0,3.0,0.0,0.0,6.0,3.0,0.0,29.0,67.0,19.0,0.0,0.0,0.0,6.0,4.0,0.0,0.0,0.0,51.0,0.0,51.0,0.0,4.0,0.0,11.0,5.2,17.8,0.0,45.0,100.0,assente
685,2016-03-20,40.0,2.0,7.0,4.0,0.0,0.0,5.0,1.0,0.0,33.0,35.0,25.0,0.0,0.0,0.0,2.0,9.0,0.0,0.0,1.0,30.0,0.0,34.0,4.0,2.0,0.0,12.0,7.3,17.3,0.0,49.0,100.0,assente
686,2016-03-21,83.0,1.0,8.0,4.0,0.0,0.0,5.0,1.0,0.0,19.0,19.0,16.0,0.0,0.0,0.0,2.0,6.0,0.0,0.0,0.0,17.0,0.0,17.0,0.0,1.0,0.0,12.5,9.0,17.6,0.0,56.0,100.0,assente
687,2016-03-22,39.0,4.0,5.0,1.0,0.0,0.0,6.0,4.0,0.0,55.0,18.0,53.0,0.0,0.0,0.0,4.0,15.0,0.0,0.0,0.0,31.0,0.0,33.0,2.0,3.0,0.0,13.1,10.0,17.6,0.0,43.0,97.0,assente
688,2016-03-23,23.0,2.0,11.0,13.0,0.0,0.0,14.0,1.0,0.0,46.0,20.0,43.0,0.0,0.0,0.0,3.0,7.0,0.0,0.0,0.0,29.0,0.0,30.0,0.0,5.0,0.0,10.9,7.4,14.9,0.0,36.0,69.0,assente
689,2016-03-24,6.0,4.0,2.0,5.0,0.0,0.0,11.0,6.0,0.0,16.0,9.0,14.0,0.0,0.0,0.0,7.0,4.0,0.0,0.0,1.0,19.0,0.0,19.0,0.0,3.0,0.0,10.7,4.8,15.9,0.0,33.0,79.0,assente
690,2016-03-25,14.0,1.0,8.0,5.0,0.0,0.0,10.0,4.0,0.0,18.0,8.0,12.0,0.0,0.0,0.0,1.0,3.0,0.0,0.0,0.0,16.0,0.0,16.0,0.0,1.0,0.0,10.8,7.1,14.3,0.0,50.0,78.0,assente
691,2016-03-26,7.0,2.0,14.0,4.0,0.0,0.0,10.0,5.0,0.0,24.0,8.0,24.0,0.0,1.0,0.0,1.0,14.0,0.0,0.0,1.0,39.0,1.0,40.0,1.0,0.0,0.0,11.0,6.9,16.7,0.0,48.0,85.0,assente
692,2016-03-27,2.0,1.0,2.0,1.0,0.0,0.0,11.0,10.0,0.0,15.0,10.0,15.0,0.0,0.0,0.0,0.0,10.0,0.0,0.0,0.0,28.0,0.0,28.0,0.0,1.0,0.0,10.8,5.8,15.1,0.0,59.0,99.0,assente
693,2016-03-28,9.0,2.0,5.0,2.0,0.0,0.0,15.0,13.0,0.0,24.0,6.0,23.0,0.0,0.0,0.0,1.0,9.0,0.0,0.0,4.0,18.0,0.0,18.0,0.0,0.0,0.0,12.3,10.1,15.5,0.0,61.0,97.0,assente
694,2016-04-05,2.0,22.0,23.0,0.0,0.0,0.0,31.0,31.0,0.0,327.0,246.0,327.0,0.0,59.0,0.0,3.0,10.0,1.0,0.0,233.0,4.0,59.0,20.0,17.0,4.0,11.0,15.7,10.4,22.0,0.0,56.0,99.0,assente
695,2016-04-06,0.0,32.0,32.0,1.0,0.0,0.0,28.0,27.0,0.0,218.0,187.0,218.0,0.0,23.0,0.0,11.0,7.0,0.0,0.0,168.0,3.0,23.0,43.0,40.0,1.0,14.0,14.8,12.4,20.1,0.0,66.0,100.0,assente
697,2016-04-08,0.0,8.0,38.0,2.0,0.0,0.0,117.0,115.0,0.0,673.0,211.0,673.0,0.0,27.0,0.0,11.0,5.0,1.0,0.0,236.0,6.0,27.0,29.0,23.0,0.0,22.0,15.0,12.3,19.1,12.2,60.0,99.0,assente
698,2016-04-09,0.0,0.0,0.0,0.0,0.0,0.0,1.0,1.0,0.0,2.0,2.0,2.0,0.0,1.0,0.0,2.0,2.0,0.0,0.0,4.0,0.0,1.0,4.0,4.0,0.0,5.0,12.1,10.9,13.7,8.8,95.0,100.0,assente
699,2016-04-10,0.0,19.0,67.0,0.0,0.0,0.0,3.0,3.0,1.0,35.0,3.0,35.0,0.0,22.0,0.0,6.0,4.0,1.0,0.0,231.0,1.0,22.0,18.0,18.0,0.0,60.0,15.2,11.6,20.4,0.0,52.0,100.0,assente
700,2016-04-11,2.0,39.0,70.0,0.0,0.0,0.0,116.0,116.0,0.0,500.0,48.0,500.0,0.0,42.0,0.0,45.0,4.0,3.0,0.0,202.0,6.0,42.0,35.0,29.0,1.0,93.0,16.2,10.0,22.6,0.0,37.0,100.0,assente
701,2016-04-12,0.0,20.0,55.0,0.0,0.0,0.0,36.0,36.0,1.0,515.0,68.0,515.0,0.0,47.0,3.0,32.0,35.0,0.0,0.0,90.0,1.0,44.0,14.0,13.0,0.0,51.0,16.2,10.3,22.9,0.0,35.0,98.0,assente
702,2016-04-13,0.0,24.0,32.0,0.0,0.0,0.0,28.0,28.0,1.0,305.0,243.0,305.0,0.0,46.0,6.0,21.0,11.0,1.0,0.0,57.0,0.0,40.0,10.0,10.0,0.0,49.0,16.2,12.3,21.1,1.0,58.0,95.0,assente
703,2016-04-14,0.0,22.0,39.0,1.0,0.0,0.0,7.0,6.0,0.0,47.0,13.0,47.0,0.0,23.0,2.0,27.0,39.0,8.0,0.0,86.0,0.0,21.0,10.0,10.0,0.0,143.0,15.6,12.6,21.0,0.6,46.0,98.0,assente
704,2016-04-15,0.0,9.0,18.0,0.0,0.0,0.0,29.0,29.0,0.0,322.0,64.0,322.0,0.0,33.0,6.0,63.0,41.0,4.0,0.0,48.0,1.0,27.0,2.0,1.0,0.0,182.0,16.4,11.6,22.5,0.0,41.0,85.0,assente
705,2016-04-16,0.0,15.0,43.0,0.0,0.0,0.0,34.0,34.0,0.0,463.0,123.0,463.0,0.0,81.0,15.0,98.0,35.0,10.0,0.0,42.0,2.0,67.0,3.0,1.0,0.0,232.0,16.7,11.7,22.7,0.0,35.0,100.0,assente
706,2016-04-17,0.0,25.0,42.0,0.0,0.0,0.0,14.0,14.0,0.0,203.0,134.0,203.0,0.0,71.0,11.0,80.0,35.0,10.0,0.0,20.0,0.0,61.0,0.0,0.0,0.0,228.0,17.2,13.2,22.4,0.0,50.0,95.0,assente
707,2016-04-18,0.0,23.0,35.0,0.0,0.0,0.0,12.0,12.0,0.0,165.0,55.0,165.0,0.0,60.0,8.0,78.0,23.0,12.0,0.0,19.0,1.0,52.0,1.0,0.0,0.0,340.0,17.5,12.8,22.8,0.0,34.0,100.0,assente
708,2016-04-19,1.0,9.0,114.0,0.0,0.0,0.0,40.0,40.0,0.0,329.0,123.0,329.0,0.0,78.0,9.0,127.0,21.0,10.0,0.0,12.0,0.0,70.0,59.0,59.0,3.0,213.0,15.7,12.5,19.3,0.0,46.0,94.0,assente
709,2016-04-20,0.0,17.0,70.0,0.0,0.0,0.0,29.0,29.0,0.0,539.0,160.0,539.0,0.0,48.0,1.0,157.0,27.0,5.0,0.0,19.0,0.0,47.0,40.0,40.0,0.0,333.0,15.8,11.6,21.2,0.0,39.0,82.0,assente
710,2016-04-21,0.0,20.0,53.0,0.0,0.0,0.0,37.0,37.0,0.0,412.0,44.0,412.0,0.0,26.0,1.0,210.0,9.0,6.0,0.0,16.0,0.0,25.0,47.0,47.0,2.0,235.0,15.9,9.8,21.6,0.0,38.0,78.0,assente
711,2016-04-22,0.0,23.0,62.0,0.0,0.0,0.0,32.0,32.0,0.0,387.0,69.0,387.0,0.0,39.0,6.0,175.0,18.0,2.0,0.0,14.0,0.0,34.0,39.0,39.0,0.0,289.0,16.1,11.0,22.0,0.0,43.0,82.0,assente
713,2016-04-24,0.0,7.0,8.0,0.0,0.0,0.0,1.0,1.0,0.0,21.0,1.0,21.0,0.0,9.0,1.0,10.0,2.0,0.0,0.0,0.0,0.0,8.0,6.0,6.0,0.0,41.0,11.6,9.2,13.9,6.4,72.0,100.0,assente
715,2016-04-26,2.0,6.0,12.0,0.0,0.0,0.0,23.0,23.0,0.0,92.0,3.0,92.0,0.0,10.0,5.0,169.0,14.0,0.0,0.0,2.0,0.0,5.0,0.0,0.0,0.0,24.0,10.8,7.2,13.9,0.2,59.0,91.0,assente
716,2016-04-27,0.0,4.0,8.0,0.0,0.0,0.0,2.0,2.0,0.0,43.0,3.0,43.0,0.0,20.0,15.0,9.0,19.0,3.0,0.0,0.0,0.0,6.0,0.0,0.0,0.0,51.0,13.0,7.9,20.8,0.0,39.0,98.0,assente
717,2016-04-28,0.0,5.0,12.0,0.0,0.0,0.0,3.0,3.0,0.0,19.0,1.0,19.0,0.0,13.0,2.0,18.0,4.0,0.0,0.0,0.0,0.0,11.0,0.0,0.0,0.0,58.0,11.2,7.5,15.6,0.0,49.0,78.0,assente
718,2016-04-29,1.0,14.0,14.0,0.0,0.0,0.0,15.0,15.0,0.0,118.0,2.0,118.0,0.0,7.0,3.0,80.0,14.0,0.0,0.0,0.0,0.0,4.0,0.0,0.0,0.0,129.0,12.9,7.2,18.7,0.0,29.0,73.0,assente
719,2016-04-30,0.0,9.0,15.0,0.0,0.0,0.0,11.0,11.0,0.0,59.0,2.0,59.0,0.0,15.0,3.0,35.0,17.0,3.0,0.0,1.0,0.0,12.0,0.0,0.0,0.0,68.0,14.4,7.9,20.6,0.0,36.0,82.0,assente
720,2016-05-01,1.0,18.0,27.0,1.0,0.0,0.0,12.0,11.0,0.0,70.0,1.0,70.0,0.0,29.0,9.0,357.0,20.0,2.0,0.0,2.0,0.0,20.0,0.0,0.0,0.0,52.0,12.7,10.1,14.5,13.2,63.0,100.0,assente
721,2016-05-02,1.0,27.0,35.0,0.0,0.0,0.0,13.0,13.0,2.0,65.0,7.0,65.0,0.0,30.0,13.0,56.0,18.0,5.0,0.0,0.0,0.0,18.0,2.0,2.0,0.0,21.0,14.4,11.7,18.6,4.4,56.0,95.0,assente
722,2016-05-03,1.0,31.0,32.0,0.0,0.0,0.0,34.0,34.0,0.0,149.0,4.0,149.0,0.0,27.0,13.0,85.0,18.0,2.0,1.0,1.0,0.0,15.0,0.0,0.0,0.0,50.0,16.8,12.0,22.7,6.0,40.0,95.0,assente
723,2016-05-04,1.0,19.0,36.0,0.0,0.0,0.0,43.0,43.0,0.0,193.0,9.0,193.0,0.0,45.0,27.0,180.0,46.0,7.0,1.0,1.0,0.0,18.0,0.0,0.0,0.0,70.0,17.8,10.7,23.5,0.2,23.0,84.0,assente
724,2016-05-05,0.0,10.0,25.0,0.0,0.0,0.0,13.0,13.0,0.0,27.0,0.0,27.0,0.0,7.0,6.0,46.0,11.0,3.0,0.0,0.0,0.0,1.0,0.0,0.0,0.0,23.0,16.1,10.8,21.3,3.8,38.0,92.0,assente
725,2016-05-06,0.0,27.0,24.0,2.0,0.0,0.0,18.0,16.0,0.0,41.0,1.0,41.0,0.0,13.0,0.0,35.0,11.0,9.0,0.0,0.0,0.0,13.0,0.0,0.0,0.0,42.0,17.6,11.1,23.3,0.0,33.0,80.0,assente
726,2016-05-07,0.0,15.0,10.0,0.0,0.0,0.0,5.0,5.0,0.0,13.0,1.0,13.0,0.0,12.0,1.0,21.0,6.0,1.0,0.0,0.0,0.0,11.0,0.0,0.0,0.0,19.0,17.9,11.4,24.3,0.0,31.0,90.0,assente
727,2016-05-08,0.0,12.0,15.0,0.0,0.0,0.0,6.0,6.0,0.0,18.0,10.0,18.0,0.0,11.0,0.0,20.0,2.0,0.0,0.0,0.0,0.0,11.0,0.0,0.0,0.0,10.0,18.3,12.1,23.7,0.0,32.0,87.0,assente
728,2016-05-09,0.0,21.0,15.0,0.0,0.0,0.0,1.0,1.0,0.0,7.0,5.0,7.0,0.0,8.0,0.0,19.0,8.0,2.0,0.0,0.0,0.0,8.0,0.0,0.0,0.0,9.0,17.3,14.1,20.7,1.4,54.0,94.0,assente
729,2016-05-10,0.0,12.0,16.0,0.0,0.0,0.0,2.0,2.0,0.0,8.0,18.0,8.0,0.0,4.0,0.0,12.0,10.0,0.0,0.0,0.0,0.0,4.0,0.0,0.0,0.0,14.0,17.8,15.2,21.2,0.4,59.0,92.0,assente
730,2016-05-11,0.0,9.0,1.0,0.0,0.0,0.0,0.0,0.0,0.0,2.0,0.0,2.0,0.0,3.0,0.0,11.0,2.0,0.0,0.0,0.0,0.0,3.0,1.0,1.0,0.0,2.0,14.7,13.7,16.2,21.4,82.0,100.0,assente
731,2016-05-12,0.0,3.0,9.0,0.0,0.0,0.0,2.0,2.0,0.0,10.0,0.0,10.0,0.0,8.0,0.0,16.0,6.0,4.0,1.0,1.0,0.0,8.0,1.0,1.0,0.0,23.0,16.3,13.2,22.3,40.2,49.0,100.0,assente
734,2016-05-15,0.0,8.0,10.0,0.0,0.0,0.0,0.0,0.0,0.0,0.0,2.0,0.0,0.0,0.0,0.0,12.0,4.0,2.0,0.0,0.0,0.0,0.0,0.0,0.0,0.0,9.0,15.0,11.3,20.1,34.0,57.0,100.0,assente
739,2016-05-20,0.0,21.0,16.0,0.0,0.0,0.0,6.0,6.0,0.0,18.0,3.0,18.0,0.0,7.0,4.0,29.0,2.0,11.0,0.0,0.0,0.0,3.0,0.0,0.0,0.0,31.0,17.9,11.0,24.7,0.0,37.0,100.0,assente
740,2016-05-21,0.0,57.0,22.0,0.0,0.0,0.0,12.0,12.0,0.0,24.0,2.0,24.0,0.0,35.0,18.0,73.0,6.0,24.0,2.0,0.0,0.0,17.0,0.0,0.0,0.0,20.0,20.3,14.1,26.1,0.0,42.0,90.0,assente
742,2016-05-23,0.0,7.0,13.0,0.0,0.0,0.0,0.0,0.0,0.0,1.0,4.0,1.0,0.0,12.0,1.0,13.0,6.0,3.0,2.0,0.0,0.0,11.0,0.0,0.0,0.0,2.0,15.7,12.1,18.8,7.0,80.0,96.0,assente
743,2016-05-24,0.0,10.0,11.0,0.0,0.0,0.0,4.0,4.0,0.0,2.0,0.0,2.0,0.0,18.0,7.0,12.0,5.0,2.0,1.0,0.0,0.0,12.0,0.0,0.0,0.0,18.0,16.2,11.7,20.7,0.2,53.0,93.0,assente
744,2016-05-25,0.0,43.0,16.0,0.0,0.0,0.0,1.0,1.0,0.0,1.0,3.0,1.0,0.0,6.0,1.0,46.0,6.0,3.0,1.0,0.0,0.0,5.0,0.0,0.0,0.0,21.0,19.2,13.5,24.7,0.0,41.0,91.0,assente
745,2016-05-26,0.0,34.0,11.0,0.0,0.0,0.0,0.0,0.0,0.0,0.0,2.0,0.0,0.0,4.0,0.0,27.0,8.0,3.0,2.0,0.0,0.0,4.0,0.0,0.0,0.0,8.0,21.0,15.5,26.5,0.0,47.0,96.0,assente
746,2016-05-27,0.0,50.0,13.0,0.0,0.0,0.0,0.0,0.0,0.0,0.0,4.0,0.0,0.0,11.0,0.0,24.0,7.0,3.0,3.0,0.0,0.0,11.0,0.0,0.0,0.0,21.0,21.8,16.7,27.7,0.0,46.0,93.0,assente
747,2016-05-28,0.0,28.0,14.0,0.0,0.0,0.0,0.0,0.0,0.0,0.0,0.0,0.0,0.0,9.0,0.0,19.0,22.0,0.0,5.0,0.0,0.0,9.0,0.0,0.0,0.0,22.0,22.2,17.5,27.4,0.0,32.0,89.0,assente
748,2016-05-29,0.0,22.0,13.0,0.0,0.0,0.0,0.0,0.0,0.0,1.0,2.0,1.0,0.0,15.0,0.0,15.0,31.0,0.0,5.0,0.0,0.0,15.0,0.0,0.0,0.0,14.0,18.5,15.8,22.6,14.0,70.0,99.0,assente
749,2016-05-30,0.0,39.0,10.0,0.0,0.0,0.0,0.0,0.0,0.0,0.0,0.0,0.0,0.0,6.0,0.0,12.0,16.0,5.0,0.0,0.0,0.0,6.0,0.0,0.0,0.0,17.0,19.3,15.6,24.8,0.6,45.0,100.0,assente
750,2016-05-31,0.0,37.0,24.0,0.0,0.0,0.0,0.0,0.0,0.0,1.0,4.0,1.0,0.0,25.0,0.0,25.0,27.0,21.0,5.0,0.0,0.0,24.0,0.0,0.0,0.0,18.0,19.1,14.3,24.5,3.0,46.0,98.0,assente
751,2016-06-01,0.0,14.0,3.0,0.0,0.0,0.0,0.0,0.0,0.0,1.0,3.0,1.0,0.0,5.0,0.0,9.0,12.0,3.0,0.0,0.0,0.0,5.0,0.0,0.0,0.0,3.0,17.0,13.7,23.4,24.4,50.0,100.0,assente
752,2016-06-02,0.0,12.0,1.0,0.0,0.0,0.0,0.0,0.0,0.0,0.0,1.0,0.0,0.0,1.0,0.0,6.0,4.0,0.0,0.0,0.0,0.0,1.0,0.0,0.0,0.0,10.0,17.6,14.7,22.6,18.0,66.0,100.0,assente
754,2016-06-04,0.0,27.0,2.0,0.0,0.0,0.0,0.0,0.0,0.0,0.0,0.0,0.0,0.0,0.0,0.0,6.0,6.0,1.0,6.0,0.0,0.0,0.0,0.0,0.0,0.0,15.0,18.7,16.4,22.2,9.0,72.0,100.0,assente
755,2016-06-05,0.0,19.0,1.0,0.0,0.0,0.0,0.0,0.0,0.0,0.0,2.0,0.0,1.0,1.0,0.0,10.0,2.0,0.0,3.0,0.0,0.0,0.0,0.0,0.0,0.0,15.0,20.0,16.4,24.3,1.8,63.0,100.0,assente
756,2016-06-06,0.0,24.0,4.0,0.0,0.0,0.0,0.0,0.0,0.0,0.0,0.0,0.0,0.0,2.0,0.0,3.0,2.0,1.0,1.0,0.0,0.0,2.0,0.0,0.0,0.0,17.0,21.4,16.7,27.0,0.2,51.0,94.0,assente
757,2016-06-07,0.0,39.0,6.0,0.0,0.0,0.0,0.0,0.0,0.0,2.0,6.0,2.0,0.0,6.0,0.0,14.0,27.0,2.0,9.0,0.0,0.0,6.0,0.0,0.0,0.0,31.0,23.2,17.4,28.6,0.0,42.0,82.0,assente
758,2016-06-08,0.0,89.0,1.0,0.0,0.0,0.0,0.0,0.0,0.0,0.0,0.0,0.0,0.0,2.0,0.0,14.0,3.0,0.0,2.0,0.0,0.0,2.0,0.0,0.0,0.0,38.0,20.3,17.0,27.2,26.8,56.0,100.0,assente
766,2016-06-16,0.0,75.0,13.0,0.0,0.0,0.0,0.0,0.0,1.0,0.0,4.0,0.0,5.0,19.0,0.0,22.0,19.0,15.0,8.0,0.0,0.0,15.0,0.0,0.0,0.0,16.0,21.8,18.9,25.8,9.6,63.0,100.0,assente
767,2016-06-17,0.0,161.0,22.0,0.0,0.0,0.0,0.0,0.0,0.0,0.0,10.0,0.0,32.0,44.0,0.0,53.0,8.0,9.0,10.0,0.0,0.0,12.0,0.0,0.0,0.0,31.0,22.1,17.5,26.3,2.0,36.0,100.0,assente
768,2016-06-18,0.0,80.0,8.0,1.0,0.0,0.0,1.0,0.0,0.0,0.0,4.0,0.0,45.0,61.0,0.0,40.0,6.0,8.0,15.0,0.0,0.0,16.0,0.0,0.0,0.0,16.0,20.4,15.4,25.9,0.0,41.0,77.0,assente
769,2016-06-19,0.0,35.0,3.0,0.0,0.0,0.0,0.0,0.0,0.0,0.0,10.0,0.0,45.0,47.0,0.0,19.0,2.0,2.0,6.0,0.0,0.0,2.0,0.0,0.0,0.0,15.0,18.6,15.7,23.5,2.4,53.0,98.0,assente
785,2016-07-05,0.0,126.0,9.0,0.0,0.0,0.0,0.0,0.0,0.0,0.0,7.0,0.0,20.0,20.0,0.0,29.0,3.0,4.0,16.0,0.0,0.0,0.0,0.0,0.0,0.0,54.0,24.8,18.9,30.2,0.0,46.0,81.0,assente
786,2016-07-06,0.0,210.0,6.0,0.0,0.0,0.0,0.0,0.0,1.0,0.0,0.0,0.0,12.0,12.0,0.0,18.0,3.0,5.0,10.0,0.0,0.0,0.0,0.0,0.0,0.0,34.0,25.6,20.7,30.4,0.0,49.0,83.0,assente
793,2016-07-13,0.0,127.0,16.0,0.0,0.0,0.0,0.0,0.0,1.0,0.0,0.0,0.0,70.0,70.0,0.0,18.0,3.0,0.0,6.0,0.0,0.0,0.0,0.0,0.0,0.0,9.0,26.2,20.7,31.9,0.0,33.0,89.0,assente
964,2017-02-13,0.0,4.0,0.0,30.0,0.0,0.0,30.0,0.0,0.0,32.0,10.0,0.0,0.0,0.0,0.0,0.0,2.0,0.0,0.0,0.0,0.0,0.0,0.0,0.0,0.0,0.0,6.7,4.6,8.8,0.0,66.0,98.0,assente
966,2017-02-15,0.0,19.0,0.0,45.0,0.0,0.0,45.0,0.0,0.0,48.0,70.0,0.0,0.0,0.0,0.0,0.0,3.0,0.0,0.0,0.0,0.0,0.0,0.0,0.0,1.0,0.0,6.8,1.7,14.6,0.0,55.0,100.0,assente
967,2017-02-16,0.0,8.0,1.0,40.0,0.0,0.0,40.0,0.0,0.0,29.0,91.0,0.0,0.0,0.0,0.0,0.0,6.0,0.0,0.0,0.0,0.0,0.0,0.0,0.0,3.0,0.0,7.9,2.7,15.6,0.0,40.0,100.0,assente
969,2017-02-18,0.0,2.0,0.0,23.0,0.0,0.0,23.0,0.0,0.0,18.0,98.0,0.0,0.0,0.0,0.0,0.0,6.0,0.0,0.0,0.0,0.0,0.0,0.0,0.0,3.0,0.0,7.5,2.7,14.0,0.0,47.0,99.0,assente
970,2017-02-19,0.0,5.0,0.0,12.0,0.0,0.0,12.0,0.0,0.0,9.0,76.0,0.0,0.0,0.0,0.0,0.0,7.0,0.0,0.0,0.0,0.0,0.0,0.0,0.0,2.0,0.0,7.2,3.7,11.7,0.0,56.0,94.0,assente
973,2017-02-22,0.0,3.0,0.0,10.0,0.0,0.0,10.0,0.0,0.0,5.0,14.0,0.0,0.0,0.0,0.0,0.0,10.0,0.0,0.0,0.0,0.0,0.0,0.0,0.0,4.0,0.0,7.6,4.6,9.9,0.0,71.0,98.0,assente
975,2017-02-24,0.0,0.0,1.0,23.0,0.0,0.0,23.0,0.0,0.0,12.0,51.0,0.0,0.0,0.0,0.0,0.0,6.0,0.0,0.0,0.0,1.0,0.0,1.0,0.0,4.0,1.0,8.3,7.3,9.2,1.0,84.0,100.0,assente
976,2017-02-25,1.0,3.0,1.0,117.0,0.0,0.0,118.0,1.0,0.0,35.0,117.0,0.0,0.0,0.0,0.0,0.0,17.0,0.0,0.0,0.0,6.0,0.0,6.0,0.0,29.0,0.0,8.1,4.6,13.2,0.0,37.0,85.0,assente
977,2017-02-26,1.0,4.0,1.0,39.0,0.0,0.0,41.0,2.0,0.0,42.0,254.0,0.0,0.0,0.0,0.0,0.0,6.0,0.0,0.0,0.0,7.0,0.0,8.0,0.0,16.0,0.0,7.2,1.3,13.0,0.0,45.0,95.0,assente
978,2017-02-27,0.0,5.0,1.0,29.0,0.0,0.0,30.0,0.0,0.0,5.0,114.0,0.0,0.0,0.0,0.0,0.0,13.0,0.0,0.0,0.0,30.0,0.0,30.0,0.0,15.0,0.0,8.4,3.4,14.0,0.0,40.0,94.0,assente
979,2017-02-28,0.0,3.0,3.0,39.0,0.0,0.0,39.0,0.0,0.0,4.0,359.0,0.0,0.0,0.0,0.0,0.0,15.0,0.0,0.0,0.0,17.0,0.0,17.0,0.0,11.0,0.0,9.0,7.3,11.7,2.2,74.0,100.0,assente
980,2017-03-01,0.0,4.0,5.0,13.0,0.0,0.0,13.0,0.0,0.0,7.0,128.0,0.0,0.0,0.0,0.0,0.0,19.0,0.0,0.0,0.0,110.0,0.0,110.0,0.0,22.0,0.0,9.6,6.2,14.2,2.0,60.0,100.0,assente
981,2017-03-02,0.0,6.0,3.0,47.0,0.0,0.0,50.0,3.0,0.0,24.0,254.0,0.0,0.0,0.0,0.0,0.0,21.0,0.0,0.0,0.0,49.0,0.0,49.0,0.0,50.0,0.0,9.8,5.4,15.4,0.0,47.0,98.0,assente
982,2017-03-03,0.0,7.0,3.0,21.0,0.0,0.0,23.0,1.0,0.0,19.0,240.0,0.0,0.0,0.0,0.0,0.0,11.0,0.0,0.0,0.0,29.0,0.0,31.0,2.0,25.0,0.0,10.1,5.5,15.8,0.0,60.0,98.0,assente
983,2017-03-04,2.0,6.0,3.0,3.0,0.0,0.0,4.0,0.0,0.0,2.0,124.0,0.0,0.0,0.0,0.0,0.0,11.0,0.0,0.0,0.0,14.0,0.0,14.0,0.0,1.0,1.0,9.9,7.8,12.2,1.2,85.0,100.0,assente
984,2017-03-05,1.0,6.0,3.0,8.0,0.0,0.0,8.0,0.0,0.0,2.0,266.0,0.0,0.0,0.0,0.0,0.0,28.0,0.0,0.0,0.0,42.0,0.0,42.0,0.0,27.0,0.0,10.2,6.7,14.6,0.4,51.0,94.0,assente
985,2017-03-06,0.0,3.0,3.0,6.0,0.0,0.0,7.0,0.0,0.0,6.0,158.0,0.0,0.0,0.0,0.0,0.0,19.0,1.0,0.0,0.0,25.0,0.0,28.0,3.0,10.0,0.0,9.7,6.3,13.8,0.2,57.0,97.0,assente
986,2017-03-07,0.0,12.0,2.0,10.0,0.0,0.0,17.0,7.0,0.0,33.0,240.0,24.0,0.0,0.0,0.0,0.0,24.0,0.0,0.0,0.0,14.0,0.0,15.0,1.0,14.0,0.0,11.3,5.6,17.7,0.0,29.0,96.0,assente
987,2017-03-08,0.0,12.0,1.0,8.0,0.0,0.0,13.0,5.0,0.0,22.0,278.0,18.0,0.0,0.0,0.0,0.0,17.0,1.0,0.0,0.0,6.0,0.0,7.0,1.0,5.0,0.0,11.1,4.6,17.6,0.0,20.0,69.0,assente
988,2017-03-09,0.0,12.0,2.0,10.0,0.0,0.0,12.0,2.0,0.0,25.0,272.0,23.0,0.0,0.0,0.0,1.0,18.0,1.0,0.0,0.0,17.0,0.0,19.0,2.0,27.0,0.0,11.6,5.9,18.9,0.0,30.0,79.0,assente
989,2017-03-10,9.0,12.0,3.0,17.0,0.0,0.0,23.0,6.0,0.0,52.0,533.0,46.0,0.0,0.0,0.0,0.0,23.0,3.0,0.0,0.0,17.0,0.0,19.0,2.0,15.0,0.0,13.1,7.2,21.8,0.0,13.0,76.0,assente
990,2017-03-11,6.0,6.0,4.0,24.0,0.0,0.0,27.0,3.0,0.0,12.0,301.0,10.0,0.0,0.0,0.0,0.0,15.0,0.0,0.0,0.0,45.0,0.0,45.0,0.0,3.0,0.0,10.4,4.2,16.2,0.0,26.0,61.0,assente
991,2017-03-12,13.0,5.0,3.0,11.0,0.0,0.0,13.0,2.0,0.0,10.0,79.0,9.0,0.0,0.0,0.0,0.0,3.0,0.0,0.0,0.0,40.0,0.0,41.0,1.0,5.0,0.0,9.5,5.5,14.7,0.0,37.0,83.0,assente
992,2017-03-13,8.0,8.0,0.0,10.0,0.0,0.0,12.0,1.0,0.0,5.0,42.0,3.0,0.0,0.0,0.0,0.0,5.0,0.0,0.0,0.0,71.0,0.0,71.0,0.0,1.0,0.0,9.3,3.7,15.5,0.0,36.0,90.0,assente
993,2017-03-14,10.0,22.0,3.0,4.0,0.0,0.0,5.0,1.0,0.0,3.0,122.0,3.0,0.0,0.0,0.0,2.0,5.0,0.0,0.0,0.0,147.0,0.0,148.0,0.0,1.0,0.0,11.3,5.5,18.0,0.0,40.0,92.0,assente
994,2017-03-15,103.0,7.0,3.0,7.0,0.0,0.0,9.0,2.0,0.0,13.0,127.0,12.0,0.0,0.0,0.0,1.0,13.0,0.0,0.0,0.0,136.0,0.0,138.0,2.0,3.0,0.0,11.8,6.5,17.6,0.0,38.0,99.0,assente
995,2017-03-16,50.0,4.0,1.0,4.0,0.0,0.0,8.0,3.0,0.0,7.0,117.0,6.0,0.0,0.0,0.0,1.0,12.0,0.0,0.0,0.0,80.0,0.0,83.0,3.0,3.0,0.0,11.9,6.5,19.4,0.0,34.0,88.0,assente
996,2017-03-17,57.0,8.0,3.0,1.0,0.0,0.0,2.0,1.0,0.0,9.0,84.0,8.0,0.0,0.0,0.0,0.0,13.0,0.0,0.0,0.0,42.0,0.0,45.0,3.0,0.0,0.0,11.7,6.1,19.2,0.0,46.0,93.0,assente
997,2017-03-18,36.0,7.0,1.0,2.0,0.0,0.0,3.0,1.0,0.0,8.0,92.0,8.0,0.0,0.0,0.0,0.0,37.0,0.0,0.0,0.0,45.0,0.0,46.0,0.0,2.0,0.0,11.1,8.0,15.5,0.0,63.0,91.0,assente
998,2017-03-19,5.0,7.0,6.0,1.0,0.0,0.0,1.0,0.0,0.0,6.0,110.0,6.0,0.0,0.0,0.0,0.0,34.0,0.0,0.0,0.0,43.0,0.0,45.0,2.0,2.0,0.0,11.6,7.8,16.5,0.0,62.0,99.0,assente
999,2017-03-20,5.0,2.0,1.0,0.0,0.0,0.0,0.0,0.0,0.0,3.0,18.0,2.0,0.0,0.0,0.0,0.0,9.0,0.0,0.0,0.0,8.0,0.0,8.0,0.0,1.0,0.0,12.1,8.3,17.3,0.0,63.0,100.0,assente
1000,2017-03-21,50.0,4.0,5.0,4.0,0.0,0.0,4.0,0.0,0.0,1.0,63.0,1.0,0.0,0.0,0.0,0.0,20.0,0.0,0.0,0.0,23.0,0.0,26.0,3.0,0.0,1.0,12.3,10.2,15.0,0.0,76.0,99.0,assente
1001,2017-03-22,47.0,9.0,6.0,0.0,0.0,0.0,7.0,7.0,0.0,7.0,118.0,7.0,0.0,0.0,0.0,0.0,40.0,0.0,0.0,0.0,27.0,0.0,28.0,1.0,0.0,0.0,12.1,10.3,13.6,0.0,87.0,99.0,assente
1002,2017-03-23,63.0,8.0,8.0,0.0,0.0,0.0,4.0,4.0,0.0,10.0,137.0,10.0,0.0,0.0,0.0,0.0,27.0,0.0,0.0,1.0,35.0,0.0,41.0,6.0,1.0,0.0,14.6,11.4,19.8,0.0,59.0,98.0,assente
1003,2017-03-24,54.0,10.0,5.0,1.0,0.0,0.0,6.0,5.0,0.0,11.0,106.0,11.0,0.0,0.0,0.0,0.0,29.0,0.0,0.0,8.0,35.0,0.0,38.0,4.0,0.0,0.0,14.7,9.9,20.8,0.0,51.0,100.0,assente
1004,2017-03-25,18.0,10.0,12.0,2.0,0.0,0.0,8.0,6.0,0.0,8.0,127.0,8.0,0.0,0.0,0.0,0.0,38.0,0.0,0.0,15.0,29.0,0.0,35.0,5.0,0.0,1.0,15.5,10.0,22.5,0.0,40.0,99.0,assente
1005,2017-03-26,10.0,2.0,6.0,1.0,0.0,0.0,7.0,6.0,0.0,12.0,151.0,12.0,0.0,0.0,0.0,0.0,8.0,0.0,0.0,24.0,9.0,0.0,11.0,2.0,0.0,0.0,12.6,8.7,17.6,6.8,56.0,99.0,assente
1006,2017-03-27,7.0,9.0,2.0,8.0,0.0,0.0,14.0,6.0,0.0,2.0,40.0,2.0,0.0,0.0,0.0,0.0,32.0,0.0,0.0,30.0,12.0,0.0,16.0,4.0,0.0,0.0,11.7,7.9,17.8,0.0,23.0,63.0,assente
1007,2017-03-28,20.0,10.0,33.0,0.0,0.0,0.0,10.0,10.0,1.0,14.0,15.0,14.0,0.0,2.0,0.0,2.0,19.0,0.0,0.0,23.0,18.0,2.0,23.0,5.0,0.0,0.0,13.2,6.4,21.0,0.0,27.0,72.0,assente
1008,2017-03-29,61.0,11.0,76.0,0.0,0.0,0.0,38.0,38.0,0.0,25.0,23.0,25.0,0.0,4.0,0.0,11.0,35.0,0.0,0.0,184.0,27.0,4.0,42.0,15.0,2.0,1.0,16.1,8.4,24.0,0.0,26.0,77.0,assente
1009,2017-03-30,83.0,18.0,165.0,0.0,0.0,0.0,46.0,46.0,1.0,56.0,37.0,56.0,0.0,14.0,0.0,8.0,102.0,0.0,0.0,242.0,63.0,14.0,91.0,28.0,0.0,4.0,17.1,10.2,24.6,0.0,31.0,78.0,assente
1010,2017-03-31,14.0,5.0,113.0,0.0,0.0,0.0,37.0,36.0,0.0,10.0,20.0,10.0,0.0,19.0,0.0,6.0,39.0,0.0,0.0,292.0,7.0,19.0,32.0,25.0,1.0,3.0,16.7,11.2,23.7,0.0,32.0,81.0,assente
1011,2017-04-01,41.0,9.0,57.0,0.0,0.0,0.0,10.0,10.0,0.0,27.0,58.0,27.0,0.0,9.0,0.0,8.0,13.0,1.0,0.0,48.0,7.0,9.0,25.0,18.0,0.0,4.0,15.0,11.1,20.2,0.0,46.0,88.0,assente
1012,2017-04-02,8.0,4.0,38.0,1.0,0.0,0.0,16.0,15.0,1.0,14.0,66.0,14.0,0.0,18.0,0.0,9.0,14.0,14.0,0.0,49.0,4.0,18.0,21.0,18.0,0.0,7.0,14.9,11.0,18.7,0.2,57.0,79.0,assente
1013,2017-04-03,34.0,1.0,111.0,0.0,0.0,0.0,14.0,14.0,0.0,12.0,41.0,12.0,0.0,21.0,0.0,7.0,31.0,16.0,0.0,66.0,3.0,21.0,12.0,9.0,0.0,6.0,17.5,9.2,25.1,0.0,27.0,86.0,assente
1014,2017-04-04,21.0,15.0,123.0,1.0,0.0,0.0,42.0,40.0,0.0,44.0,68.0,44.0,0.0,74.0,0.0,16.0,32.0,2.0,0.0,185.0,16.0,74.0,99.0,83.0,0.0,8.0,17.8,12.3,23.3,7.0,34.0,97.0,assente
1015,2017-04-05,3.0,5.0,35.0,2.0,0.0,0.0,4.0,2.0,0.0,8.0,4.0,8.0,0.0,11.0,0.0,8.0,5.0,0.0,0.0,27.0,2.0,11.0,5.0,3.0,0.0,20.0,13.8,11.0,18.1,5.2,61.0,99.0,assente
1016,2017-04-06,7.0,15.0,119.0,0.0,0.0,0.0,6.0,6.0,0.0,18.0,14.0,18.0,0.0,50.0,0.0,16.0,9.0,0.0,0.0,130.0,2.0,50.0,68.0,66.0,1.0,56.0,14.5,10.6,19.3,0.0,52.0,95.0,assente
1017,2017-04-07,3.0,16.0,74.0,0.0,0.0,0.0,18.0,18.0,0.0,13.0,19.0,13.0,0.0,32.0,0.0,29.0,15.0,5.0,0.0,41.0,1.0,32.0,29.0,28.0,1.0,106.0,13.9,10.4,17.5,0.0,48.0,89.0,assente
1018,2017-04-08,5.0,27.0,61.0,1.0,0.0,0.0,11.0,10.0,0.0,7.0,5.0,7.0,0.0,17.0,0.0,8.0,8.0,1.0,0.0,35.0,0.0,17.0,15.0,15.0,1.0,253.0,15.0,8.8,22.4,0.0,41.0,96.0,assente
1020,2017-04-10,2.0,6.0,44.0,0.0,0.0,0.0,3.0,3.0,0.0,7.0,7.0,7.0,0.0,18.0,0.0,28.0,2.0,0.0,0.0,18.0,2.0,18.0,9.0,7.0,0.0,333.0,16.6,10.4,23.5,0.0,39.0,93.0,assente
1021,2017-04-11,2.0,14.0,267.0,0.0,0.0,0.0,11.0,11.0,0.0,22.0,10.0,22.0,0.0,26.0,0.0,22.0,3.0,2.0,0.0,27.0,0.0,26.0,6.0,6.0,1.0,49.0,16.7,12.0,21.8,0.0,45.0,95.0,assente
1022,2017-04-12,5.0,16.0,422.0,0.0,0.0,0.0,15.0,15.0,0.0,14.0,20.0,14.0,0.0,46.0,0.0,87.0,12.0,4.0,0.0,38.0,0.0,46.0,22.0,21.0,0.0,64.0,16.6,12.5,21.9,0.0,40.0,74.0,assente
1023,2017-04-13,2.0,17.0,503.0,0.0,0.0,0.0,14.0,14.0,3.0,13.0,27.0,13.0,0.0,35.0,0.0,122.0,5.0,1.0,0.0,15.0,0.0,35.0,16.0,16.0,0.0,94.0,16.4,11.1,22.3,0.0,50.0,93.0,assente
1024,2017-04-14,0.0,13.0,488.0,1.0,0.0,0.0,16.0,15.0,0.0,16.0,38.0,16.0,0.0,57.0,0.0,113.0,9.0,1.0,0.0,13.0,0.0,57.0,11.0,11.0,0.0,100.0,18.0,14.8,22.0,0.0,53.0,91.0,assente
1025,2017-04-15,1.0,5.0,121.0,0.0,0.0,0.0,1.0,0.0,0.0,7.0,18.0,7.0,0.0,35.0,0.0,93.0,5.0,2.0,0.0,13.0,0.0,35.0,3.0,3.0,1.0,28.0,15.9,13.7,18.9,12.2,68.0,98.0,assente
1026,2017-04-16,1.0,15.0,294.0,0.0,0.0,0.0,1.0,1.0,0.0,4.0,3.0,4.0,0.0,14.0,0.0,68.0,5.0,4.0,0.0,5.0,0.0,14.0,1.0,1.0,1.0,42.0,15.6,11.0,21.5,2.4,49.0,100.0,assente
1027,2017-04-17,2.0,9.0,103.0,0.0,0.0,0.0,0.0,0.0,0.0,1.0,7.0,1.0,0.0,13.0,0.0,143.0,3.0,0.0,0.0,1.0,0.0,13.0,1.0,1.0,0.0,22.0,13.3,9.6,17.7,0.0,34.0,90.0,assente
1029,2017-04-19,0.0,10.0,56.0,0.0,0.0,0.0,1.0,1.0,0.0,3.0,4.0,3.0,0.0,14.0,0.0,7.0,2.0,4.0,0.0,4.0,0.0,14.0,3.0,3.0,0.0,32.0,10.0,4.4,16.6,0.0,15.0,87.0,assente
1030,2017-04-20,0.0,6.0,40.0,1.0,0.0,0.0,2.0,1.0,0.0,3.0,3.0,3.0,0.0,4.0,0.0,47.0,4.0,1.0,0.0,2.0,0.0,4.0,0.0,0.0,0.0,22.0,9.8,4.8,14.7,0.0,17.0,62.0,assente
1033,2017-04-23,0.0,10.0,47.0,0.0,0.0,0.0,2.0,2.0,1.0,3.0,3.0,3.0,0.0,28.0,0.0,171.0,3.0,3.0,0.0,1.0,1.0,28.0,5.0,3.0,0.0,33.0,12.5,5.3,17.8,0.0,44.0,84.0,assente
1035,2017-04-25,3.0,8.0,43.0,0.0,0.0,0.0,0.0,0.0,1.0,3.0,22.0,3.0,0.0,54.0,0.0,63.0,2.0,4.0,0.0,2.0,0.0,54.0,1.0,1.0,0.0,33.0,15.2,12.7,19.0,0.0,60.0,87.0,assente
1037,2017-04-27,0.0,1.0,9.0,0.0,0.0,0.0,0.0,0.0,0.0,0.0,0.0,0.0,0.0,4.0,0.0,2.0,6.0,0.0,0.0,0.0,0.0,4.0,0.0,0.0,0.0,21.0,15.4,13.1,18.3,24.4,86.0,100.0,assente
1038,2017-04-28,5.0,27.0,28.0,0.0,0.0,0.0,0.0,0.0,0.0,1.0,2.0,1.0,0.0,32.0,0.0,59.0,3.0,4.0,0.0,3.0,2.0,31.0,3.0,1.0,0.0,24.0,13.7,9.5,17.4,1.2,41.0,100.0,assente
1051,2017-05-11,0.0,15.0,21.0,0.0,0.0,0.0,0.0,0.0,0.0,1.0,1.0,1.0,0.0,20.0,0.0,21.0,8.0,6.0,0.0,0.0,0.0,20.0,0.0,0.0,0.0,2.0,15.1,12.1,17.9,0.0,79.0,97.0,assente
1052,2017-05-12,1.0,54.0,49.0,0.0,0.0,0.0,0.0,0.0,1.0,0.0,16.0,0.0,0.0,16.0,1.0,43.0,35.0,1.0,0.0,0.0,0.0,14.0,0.0,0.0,0.0,7.0,18.6,14.7,24.2,1.4,51.0,100.0,assente
1053,2017-05-13,1.0,44.0,32.0,0.0,0.0,0.0,0.0,0.0,0.0,0.0,1.0,0.0,0.0,18.0,0.0,63.0,17.0,11.0,2.0,0.0,0.0,18.0,0.0,0.0,0.0,18.0,18.9,13.2,24.6,0.0,49.0,100.0,assente
1054,2017-05-14,0.0,51.0,57.0,0.0,0.0,0.0,0.0,0.0,1.0,0.0,3.0,0.0,0.0,59.0,4.0,71.0,18.0,9.0,1.0,0.0,0.0,55.0,0.0,0.0,0.0,26.0,20.2,15.6,26.4,2.2,49.0,97.0,assente
1059,2017-05-19,0.0,19.0,19.0,0.0,0.0,0.0,0.0,0.0,0.0,1.0,3.0,1.0,0.0,11.0,1.0,35.0,3.0,20.0,5.0,0.0,0.0,10.0,0.0,0.0,0.0,19.0,19.7,16.1,25.3,0.0,53.0,92.0,assente
1060,2017-05-20,0.0,2.0,11.0,0.0,0.0,0.0,0.0,0.0,0.0,0.0,0.0,0.0,0.0,7.0,0.0,6.0,3.0,4.0,0.0,0.0,0.0,7.0,0.0,0.0,0.0,10.0,15.6,14.3,18.5,3.6,69.0,97.0,assente
1061,2017-05-21,0.0,20.0,14.0,0.0,0.0,0.0,0.0,0.0,0.0,0.0,0.0,0.0,0.0,3.0,0.0,24.0,18.0,51.0,1.0,0.0,0.0,3.0,0.0,0.0,0.0,36.0,20.0,12.5,26.7,0.0,29.0,95.0,assente
1062,2017-05-22,0.0,40.0,17.0,0.0,0.0,0.0,0.0,0.0,0.0,0.0,0.0,0.0,0.0,2.0,0.0,35.0,12.0,32.0,2.0,0.0,0.0,1.0,0.0,0.0,0.0,41.0,21.7,15.6,27.6,0.0,39.0,80.0,assente
1063,2017-05-23,0.0,72.0,18.0,1.0,0.0,0.0,1.0,0.0,0.0,0.0,0.0,0.0,0.0,2.0,0.0,47.0,12.0,19.0,3.0,0.0,0.0,1.0,0.0,0.0,0.0,43.0,22.8,16.3,28.6,0.0,34.0,91.0,assente
1064,2017-05-24,0.0,101.0,24.0,6.0,0.0,0.0,6.0,0.0,0.0,0.0,5.0,0.0,0.0,3.0,0.0,55.0,14.0,32.0,0.0,0.0,0.0,3.0,0.0,0.0,0.0,63.0,22.9,18.6,28.7,0.0,46.0,95.0,assente
1065,2017-05-25,0.0,29.0,18.0,0.0,0.0,0.0,0.0,0.0,0.0,0.0,1.0,0.0,0.0,7.0,0.0,20.0,4.0,30.0,1.0,0.0,0.0,7.0,0.0,0.0,0.0,22.0,20.5,17.0,24.0,0.2,45.0,88.0,assente
1066,2017-05-26,0.0,26.0,13.0,1.0,0.0,0.0,1.0,0.0,0.0,0.0,0.0,0.0,0.0,4.0,0.0,24.0,5.0,40.0,3.0,0.0,0.0,3.0,0.0,0.0,0.0,19.0,20.9,16.7,25.0,0.0,45.0,76.0,assente
1067,2017-05-27,0.0,32.0,22.0,4.0,0.0,0.0,5.0,0.0,0.0,0.0,2.0,0.0,1.0,2.0,0.0,36.0,16.0,31.0,6.0,0.0,0.0,1.0,0.0,0.0,0.0,27.0,22.8,16.9,28.2,0.0,36.0,71.0,assente
1068,2017-05-28,0.0,34.0,16.0,1.0,1.0,0.0,1.0,0.0,1.0,0.0,0.0,0.0,4.0,6.0,0.0,27.0,10.0,25.0,4.0,0.0,0.0,2.0,0.0,0.0,0.0,32.0,23.7,17.8,29.5,0.0,32.0,86.0,basso
1069,2017-05-29,0.0,44.0,24.0,19.0,0.0,0.0,20.0,0.0,1.0,1.0,2.0,1.0,0.0,0.0,0.0,46.0,7.0,35.0,4.0,0.0,0.0,0.0,0.0,0.0,0.0,36.0,23.7,17.6,29.5,0.0,37.0,80.0,assente
1070,2017-05-30,0.0,46.0,17.0,12.0,0.0,0.0,12.0,0.0,0.0,1.0,2.0,1.0,4.0,4.0,0.0,33.0,6.0,40.0,4.0,0.0,0.0,0.0,0.0,0.0,0.0,27.0,23.7,18.3,29.2,0.0,49.0,82.0,assente
1071,2017-05-31,0.0,32.0,24.0,5.0,0.0,0.0,5.0,0.0,2.0,0.0,2.0,0.0,0.0,2.0,0.0,25.0,16.0,9.0,4.0,0.0,0.0,1.0,0.0,0.0,0.0,18.0,23.8,19.7,27.6,0.0,61.0,91.0,assente
1072,2017-06-01,0.0,50.0,18.0,1.0,0.0,0.0,1.0,0.0,0.0,0.0,3.0,0.0,2.0,4.0,0.0,45.0,9.0,3.0,3.0,0.0,0.0,2.0,0.0,0.0,0.0,19.0,24.3,20.3,29.1,0.0,48.0,93.0,assente
1073,2017-06-02,0.0,31.0,25.0,0.0,0.0,0.0,0.0,0.0,0.0,0.0,4.0,0.0,1.0,4.0,0.0,24.0,14.0,6.0,8.0,0.0,0.0,3.0,0.0,0.0,0.0,25.0,23.9,19.6,30.0,0.0,46.0,87.0,assente
1074,2017-06-03,0.0,55.0,19.0,0.0,0.0,0.0,0.0,0.0,0.0,0.0,1.0,0.0,3.0,4.0,0.0,26.0,4.0,5.0,13.0,0.0,0.0,1.0,0.0,0.0,0.0,29.0,23.5,18.8,29.6,7.4,48.0,91.0,assente
1075,2017-06-04,0.0,35.0,22.0,1.0,0.0,0.0,1.0,0.0,0.0,0.0,2.0,0.0,6.0,8.0,0.0,27.0,9.0,4.0,10.0,0.0,0.0,2.0,0.0,0.0,0.0,23.0,24.3,19.5,30.0,0.0,39.0,88.0,assente
1076,2017-06-05,0.0,27.0,21.0,0.0,0.0,0.0,0.0,0.0,0.0,0.0,3.0,0.0,2.0,6.0,0.0,27.0,6.0,5.0,5.0,0.0,0.0,4.0,0.0,0.0,0.0,10.0,22.4,18.8,26.6,0.0,54.0,87.0,assente
1077,2017-06-06,0.0,43.0,16.0,0.0,0.0,0.0,0.0,0.0,1.0,0.0,0.0,0.0,14.0,16.0,0.0,18.0,8.0,5.0,7.0,0.0,0.0,1.0,0.0,0.0,0.0,10.0,21.6,17.9,26.4,0.0,48.0,92.0,assente
1085,2017-06-14,0.0,66.0,11.0,7.0,3.0,0.0,7.0,0.0,3.0,0.0,14.0,0.0,19.0,19.0,0.0,23.0,2.0,5.0,21.0,0.0,0.0,0.0,0.0,0.0,0.0,22.0,24.3,21.2,29.1,0.8,48.0,95.0,basso
1093,2017-06-29,0.0,250.0,6.0,0.0,0.0,0.0,0.0,0.0,0.0,0.0,1.0,0.0,17.0,17.0,0.0,6.0,2.0,1.0,3.0,0.0,0.0,0.0,0.0,0.0,0.0,1.0,21.6,16.0,27.0,0.0,37.0,100.0,assente
1256,2018-01-23,0.0,5.0,1.0,3.0,0.0,0.0,3.0,0.0,0.0,38.0,4.0,0.0,0.0,0.0,0.0,0.0,3.0,0.0,0.0,0.0,0.0,0.0,0.0,0.0,0.0,0.0,5.3,1.7,10.7,0.0,54.0,92.0,assente
1257,2018-01-24,0.0,4.0,0.0,1.0,0.0,0.0,1.0,0.0,0.0,35.0,6.0,0.0,0.0,0.0,0.0,0.0,2.0,1.0,0.0,0.0,0.0,0.0,0.0,0.0,0.0,0.0,5.2,1.2,11.3,0.0,54.0,97.0,assente
1259,2018-01-26,0.0,2.0,0.0,1.0,0.0,0.0,1.0,0.0,0.0,15.0,3.0,0.0,0.0,0.0,0.0,0.0,2.0,0.0,0.0,0.0,0.0,0.0,0.0,0.0,0.0,1.0,6.4,4.2,9.7,0.0,72.0,98.0,assente
1263,2018-01-30,0.0,2.0,0.0,2.0,0.0,0.0,2.0,0.0,0.0,10.0,0.0,0.0,0.0,0.0,0.0,0.0,7.0,0.0,0.0,0.0,0.0,0.0,0.0,0.0,1.0,0.0,6.0,4.4,7.6,0.0,82.0,100.0,assente
1264,2018-01-31,0.0,4.0,1.0,2.0,0.0,0.0,2.0,0.0,0.0,10.0,2.0,0.0,0.0,0.0,0.0,0.0,3.0,0.0,0.0,0.0,0.0,0.0,0.0,0.0,3.0,0.0,6.4,4.5,7.8,0.2,88.0,99.0,assente
1265,2018-02-01,0.0,2.0,1.0,2.0,0.0,0.0,2.0,0.0,0.0,7.0,11.0,0.0,0.0,0.0,0.0,0.0,2.0,0.0,0.0,0.0,1.0,0.0,1.0,0.0,7.0,0.0,6.9,6.1,7.6,4.2,96.0,100.0,assente
1266,2018-02-02,0.0,3.0,0.0,9.0,0.0,0.0,9.0,0.0,0.0,5.0,3.0,0.0,0.0,0.0,0.0,0.0,4.0,0.0,0.0,0.0,0.0,0.0,0.0,0.0,1.0,0.0,6.7,5.8,7.5,12.6,78.0,100.0,assente
1267,2018-02-03,0.0,2.0,1.0,21.0,0.0,0.0,21.0,0.0,0.0,27.0,9.0,0.0,0.0,0.0,0.0,0.0,3.0,0.0,0.0,0.0,0.0,0.0,0.0,0.0,1.0,0.0,4.5,2.9,5.6,10.6,78.0,98.0,assente
1268,2018-02-04,0.0,2.0,1.0,14.0,0.0,0.0,14.0,0.0,0.0,29.0,1.0,0.0,0.0,0.0,0.0,0.0,9.0,1.0,0.0,0.0,0.0,0.0,0.0,0.0,2.0,0.0,5.3,1.5,9.7,0.0,59.0,97.0,assente
1269,2018-02-05,0.0,0.0,1.0,10.0,0.0,0.0,10.0,0.0,0.0,20.0,3.0,0.0,0.0,0.0,0.0,0.0,4.0,0.0,0.0,0.0,0.0,0.0,0.0,0.0,1.0,0.0,6.0,3.7,8.8,0.0,49.0,85.0,assente
1270,2018-02-06,1.0,1.0,1.0,31.0,0.0,0.0,31.0,0.0,0.0,15.0,5.0,0.0,0.0,0.0,0.0,0.0,7.0,0.0,0.0,0.0,3.0,0.0,3.0,0.0,4.0,0.0,5.9,3.3,8.2,2.6,53.0,89.0,assente
1271,2018-02-07,0.0,2.0,1.0,16.0,0.0,0.0,16.0,0.0,0.0,5.0,11.0,0.0,0.0,0.0,0.0,0.0,3.0,0.0,0.0,0.0,0.0,0.0,0.0,0.0,2.0,0.0,6.2,4.4,8.7,6.2,68.0,98.0,assente
1272,2018-02-08,0.0,2.0,1.0,7.0,0.0,0.0,7.0,0.0,0.0,4.0,3.0,0.0,0.0,0.0,0.0,0.0,2.0,0.0,0.0,0.0,0.0,0.0,0.0,0.0,5.0,0.0,7.0,4.4,9.8,0.0,72.0,95.0,assente
1273,2018-02-09,0.0,1.0,1.0,28.0,0.0,0.0,28.0,0.0,0.0,3.0,29.0,0.0,0.0,0.0,0.0,0.0,3.0,0.0,0.0,0.0,0.0,0.0,0.0,0.0,4.0,0.0,7.4,3.9,10.8,0.0,65.0,95.0,assente
1274,2018-02-10,0.0,1.0,1.0,71.0,0.0,0.0,71.0,0.0,0.0,14.0,28.0,0.0,0.0,0.0,0.0,0.0,5.0,0.0,0.0,0.0,0.0,0.0,0.0,0.0,13.0,0.0,6.4,3.6,11.0,0.0,50.0,100.0,assente
1275,2018-02-11,1.0,3.0,2.0,41.0,0.0,0.0,41.0,0.0,0.0,16.0,37.0,0.0,0.0,0.0,0.0,0.0,6.0,0.0,0.0,0.0,0.0,0.0,0.0,0.0,13.0,0.0,5.1,2.9,8.8,0.0,50.0,77.0,assente
1276,2018-02-12,0.0,0.0,1.0,34.0,0.0,0.0,34.0,0.0,0.0,5.0,6.0,0.0,0.0,0.0,0.0,0.0,8.0,1.0,0.0,0.0,1.0,0.0,1.0,0.0,8.0,0.0,3.9,2.8,5.2,6.0,74.0,97.0,assente
1277,2018-02-13,0.0,2.0,1.0,65.0,0.0,0.0,66.0,2.0,0.0,45.0,8.0,0.0,0.0,0.0,0.0,0.0,4.0,0.0,0.0,0.0,0.0,0.0,0.0,0.0,9.0,0.0,4.8,1.0,8.8,0.0,37.0,94.0,assente
1278,2018-02-14,0.0,2.0,1.0,84.0,0.0,0.0,85.0,1.0,0.0,27.0,10.0,0.0,0.0,0.0,0.0,0.0,3.0,0.0,0.0,0.0,0.0,0.0,0.0,0.0,12.0,0.0,3.4,-0.3,8.5,0.0,41.0,91.0,assente
1279,2018-02-15,1.0,1.0,1.0,86.0,0.0,0.0,86.0,1.0,0.0,14.0,20.0,0.0,0.0,0.0,0.0,0.0,4.0,1.0,0.0,0.0,0.0,0.0,0.0,0.0,20.0,0.0,2.9,-0.7,7.7,0.0,53.0,93.0,assente
1280,2018-02-16,0.0,5.0,3.0,44.0,0.0,0.0,44.0,0.0,0.0,9.0,20.0,0.0,0.0,0.0,0.0,0.0,3.0,0.0,0.0,0.0,0.0,0.0,0.0,0.0,17.0,0.0,4.1,-0.1,9.2,0.0,52.0,92.0,assente
1282,2018-02-18,0.0,1.0,0.0,16.0,0.0,0.0,17.0,1.0,0.0,3.0,44.0,0.0,0.0,0.0,0.0,0.0,5.0,0.0,0.0,0.0,0.0,0.0,0.0,0.0,3.0,0.0,6.1,4.7,7.9,4.8,60.0,97.0,assente
1283,2018-02-19,0.0,1.0,1.0,33.0,0.0,0.0,34.0,1.0,0.0,5.0,16.0,0.0,0.0,0.0,0.0,0.0,6.0,0.0,0.0,0.0,2.0,0.0,2.0,0.0,17.0,0.0,5.4,3.6,7.5,0.0,50.0,71.0,assente
1284,2018-02-20,0.0,1.0,0.0,22.0,0.0,0.0,23.0,1.0,0.0,6.0,3.0,0.0,0.0,0.0,0.0,0.0,4.0,0.0,0.0,0.0,2.0,0.0,2.0,0.0,13.0,0.0,4.4,0.9,6.7,0.0,48.0,72.0,assente
1285,2018-02-21,0.0,3.0,1.0,170.0,0.0,0.0,172.0,2.0,0.0,40.0,12.0,0.0,0.0,0.0,0.0,0.0,9.0,0.0,0.0,0.0,2.0,0.0,2.0,0.0,33.0,0.0,5.3,2.2,7.7,0.0,50.0,81.0,assente
1286,2018-02-22,0.0,1.0,3.0,61.0,0.0,0.0,62.0,1.0,0.0,9.0,13.0,0.0,0.0,0.0,0.0,0.0,15.0,0.0,0.0,0.0,4.0,0.0,4.0,0.0,25.0,0.0,4.5,3.3,6.1,9.8,58.0,95.0,assente
1287,2018-02-23,0.0,0.0,1.0,56.0,0.0,0.0,57.0,2.0,0.0,5.0,17.0,0.0,0.0,0.0,0.0,0.0,9.0,0.0,0.0,0.0,3.0,0.0,3.0,0.0,11.0,0.0,4.9,1.1,8.0,10.0,59.0,97.0,assente
1288,2018-02-24,0.0,1.0,2.0,57.0,0.0,0.0,58.0,1.0,0.0,3.0,217.0,0.0,0.0,0.0,0.0,0.0,11.0,0.0,0.0,0.0,2.0,0.0,2.0,0.0,20.0,0.0,6.9,2.6,11.6,2.6,48.0,84.0,assente
1289,2018-02-25,1.0,3.0,1.0,13.0,0.0,0.0,15.0,3.0,0.0,11.0,148.0,0.0,0.0,0.0,0.0,1.0,4.0,0.0,0.0,0.0,3.0,0.0,3.0,0.0,9.0,0.0,0.8,-2.0,2.5,0.0,34.0,60.0,assente
1290,2018-02-26,0.0,1.0,1.0,18.0,0.0,0.0,19.0,1.0,0.0,4.0,7.0,0.0,0.0,0.0,0.0,0.0,4.0,0.0,0.0,0.0,1.0,0.0,1.0,0.0,3.0,0.0,-1.9,-4.8,1.1,0.0,20.0,52.0,assente
1292,2018-02-28,0.0,2.0,0.0,6.0,0.0,0.0,7.0,1.0,0.0,4.0,3.0,0.0,0.0,0.0,0.0,0.0,2.0,0.0,0.0,0.0,0.0,0.0,0.0,0.0,3.0,0.0,-1.4,-3.8,1.1,0.0,51.0,87.0,assente
1293,2018-03-01,0.0,3.0,1.0,2.0,0.0,0.0,3.0,1.0,0.0,2.0,3.0,0.0,0.0,0.0,0.0,0.0,2.0,0.0,0.0,0.0,0.0,0.0,0.0,0.0,7.0,0.0,-2.1,-3.6,-0.7,3.8,58.0,95.0,assente
1300,2018-03-08,0.0,4.0,2.0,33.0,0.0,0.0,34.0,2.0,0.0,8.0,279.0,0.0,0.0,0.0,0.0,1.0,11.0,0.0,0.0,0.0,70.0,0.0,70.0,0.0,45.0,0.0,8.2,2.6,14.2,0.0,54.0,99.0,assente
1301,2018-03-09,0.0,2.0,3.0,83.0,0.0,0.0,86.0,3.0,0.0,22.0,537.0,0.0,0.0,0.0,0.0,0.0,2.0,0.0,0.0,0.0,85.0,0.0,85.0,0.0,34.0,0.0,9.4,4.8,15.3,0.0,53.0,98.0,assente
1302,2018-03-10,0.0,3.0,4.0,73.0,0.0,0.0,75.0,2.0,0.0,21.0,144.0,0.0,0.0,0.0,0.0,0.0,3.0,0.0,0.0,0.0,23.0,0.0,23.0,0.0,36.0,0.0,10.2,7.5,12.5,0.0,71.0,93.0,assente
1304,2018-03-12,0.0,4.0,2.0,18.0,0.0,0.0,18.0,1.0,0.0,1.0,133.0,0.0,0.0,0.0,0.0,1.0,4.0,0.0,0.0,0.0,6.0,0.0,7.0,1.0,9.0,0.0,11.1,8.7,15.5,0.6,62.0,100.0,assente
1305,2018-03-13,0.0,3.0,3.0,22.0,0.0,0.0,22.0,0.0,0.0,5.0,174.0,1.0,0.0,0.0,0.0,1.0,25.0,0.0,0.0,0.0,19.0,0.0,22.0,3.0,20.0,0.0,11.3,8.2,15.4,0.0,66.0,98.0,assente
1306,2018-03-14,0.0,5.0,2.0,83.0,0.0,0.0,84.0,1.0,0.0,39.0,184.0,1.0,0.0,0.0,0.0,2.0,21.0,0.0,0.0,0.0,20.0,0.0,20.0,1.0,21.0,0.0,11.2,8.9,14.8,0.0,70.0,100.0,assente
1307,2018-03-15,1.0,1.0,2.0,103.0,0.0,0.0,104.0,1.0,0.0,43.0,57.0,0.0,0.0,0.0,0.0,0.0,10.0,0.0,0.0,0.0,16.0,0.0,17.0,1.0,9.0,0.0,8.9,7.6,11.2,22.2,85.0,100.0,assente
1308,2018-03-16,1.0,5.0,2.0,11.0,0.0,0.0,11.0,0.0,0.0,7.0,218.0,0.0,0.0,0.0,0.0,0.0,3.0,0.0,0.0,0.0,5.0,0.0,5.0,0.0,6.0,0.0,10.7,7.2,16.2,5.0,55.0,100.0,assente
1309,2018-03-17,0.0,2.0,0.0,2.0,0.0,0.0,2.0,0.0,0.0,3.0,28.0,0.0,0.0,0.0,0.0,0.0,4.0,0.0,0.0,0.0,2.0,0.0,3.0,1.0,3.0,0.0,9.1,7.6,10.7,10.4,90.0,99.0,assente
1310,2018-03-18,0.0,3.0,1.0,6.0,0.0,0.0,6.0,0.0,0.0,2.0,39.0,0.0,0.0,0.0,0.0,0.0,2.0,0.0,0.0,0.0,3.0,0.0,4.0,1.0,8.0,0.0,7.4,3.6,10.3,17.2,74.0,98.0,assente
1312,2018-03-20,4.0,0.0,2.0,27.0,0.0,0.0,31.0,5.0,0.0,20.0,14.0,0.0,0.0,0.0,0.0,0.0,9.0,0.0,0.0,0.0,1.0,0.0,1.0,1.0,5.0,0.0,5.5,3.1,9.1,0.0,57.0,96.0,assente
1313,2018-03-21,1.0,1.0,0.0,128.0,0.0,0.0,133.0,5.0,0.0,51.0,23.0,0.0,0.0,0.0,0.0,2.0,6.0,1.0,0.0,0.0,8.0,0.0,8.0,0.0,2.0,1.0,6.2,3.6,10.1,0.0,36.0,66.0,assente
1315,2018-03-23,0.0,2.0,1.0,39.0,0.0,0.0,43.0,4.0,0.0,23.0,55.0,0.0,0.0,0.0,0.0,2.0,3.0,1.0,0.0,0.0,6.0,0.0,6.0,1.0,3.0,1.0,6.7,1.9,11.6,0.0,45.0,74.0,assente
1316,2018-03-24,0.0,2.0,0.0,35.0,0.0,0.0,38.0,3.0,0.0,54.0,34.0,1.0,0.0,0.0,0.0,3.0,6.0,0.0,0.0,0.0,4.0,0.0,5.0,1.0,3.0,0.0,7.4,3.4,11.9,0.0,36.0,84.0,assente
1317,2018-03-25,0.0,1.0,2.0,32.0,0.0,0.0,34.0,2.0,0.0,27.0,91.0,1.0,0.0,0.0,0.0,1.0,6.0,0.0,0.0,0.0,5.0,0.0,7.0,2.0,5.0,0.0,7.9,3.7,12.6,0.0,43.0,84.0,assente
1318,2018-03-26,4.0,2.0,3.0,18.0,0.0,0.0,21.0,3.0,0.0,12.0,50.0,2.0,0.0,0.0,0.0,2.0,14.0,0.0,0.0,0.0,5.0,0.0,5.0,0.0,2.0,0.0,9.4,3.1,15.7,0.0,38.0,86.0,assente
1319,2018-03-27,3.0,2.0,0.0,7.0,0.0,0.0,9.0,2.0,0.0,20.0,47.0,1.0,0.0,0.0,0.0,0.0,15.0,0.0,0.0,0.0,8.0,0.0,8.0,0.0,8.0,0.0,11.7,7.5,17.2,0.0,37.0,86.0,assente
1320,2018-03-28,3.0,3.0,0.0,11.0,0.0,0.0,11.0,0.0,0.0,7.0,45.0,0.0,0.0,0.0,0.0,1.0,16.0,0.0,0.0,0.0,21.0,0.0,21.0,0.0,6.0,1.0,11.3,6.9,16.2,0.0,50.0,87.0,assente
1321,2018-03-29,2.0,2.0,1.0,8.0,0.0,0.0,9.0,1.0,0.0,8.0,27.0,1.0,0.0,0.0,0.0,2.0,3.0,0.0,0.0,0.0,28.0,0.0,29.0,2.0,3.0,0.0,11.3,9.6,13.7,1.2,69.0,95.0,assente
1322,2018-03-30,7.0,7.0,2.0,3.0,0.0,0.0,3.0,1.0,0.0,6.0,37.0,3.0,0.0,1.0,0.0,1.0,25.0,1.0,0.0,0.0,57.0,1.0,58.0,1.0,12.0,2.0,13.0,9.9,18.2,0.0,65.0,98.0,assente
1323,2018-03-31,1.0,5.0,1.0,2.0,0.0,0.0,3.0,1.0,0.0,1.0,19.0,0.0,0.0,1.0,0.0,1.0,5.0,0.0,0.0,0.0,32.0,1.0,32.0,0.0,1.0,1.0,10.6,8.3,13.3,16.4,72.0,99.0,assente
1324,2018-04-01,24.0,6.0,5.0,3.0,0.0,0.0,4.0,2.0,0.0,32.0,46.0,3.0,0.0,1.0,0.0,1.0,14.0,1.0,0.0,0.0,51.0,1.0,53.0,2.0,19.0,0.0,12.7,7.4,19.4,0.2,27.0,100.0,assente
1325,2018-04-02,27.0,6.0,5.0,5.0,0.0,0.0,6.0,1.0,0.0,38.0,30.0,1.0,0.0,0.0,0.0,8.0,31.0,1.0,0.0,1.0,49.0,0.0,49.0,1.0,13.0,1.0,12.2,6.1,17.4,0.0,46.0,96.0,assente
1326,2018-04-03,19.0,1.0,4.0,4.0,0.0,0.0,4.0,0.0,0.0,21.0,10.0,2.0,0.0,0.0,0.0,3.0,14.0,0.0,0.0,0.0,25.0,0.0,27.0,3.0,7.0,0.0,12.6,9.9,15.6,0.2,61.0,95.0,assente
1327,2018-04-04,5.0,1.0,1.0,2.0,0.0,0.0,2.0,1.0,0.0,5.0,1.0,1.0,0.0,0.0,0.0,1.0,4.0,0.0,0.0,0.0,16.0,0.0,16.0,0.0,4.0,0.0,11.8,9.3,13.9,6.2,71.0,97.0,assente
1328,2018-04-05,2.0,3.0,2.0,1.0,0.0,0.0,3.0,3.0,0.0,9.0,4.0,0.0,0.0,0.0,0.0,6.0,2.0,0.0,0.0,0.0,7.0,0.0,8.0,1.0,6.0,0.0,13.5,10.5,18.6,4.0,58.0,100.0,assente
1329,2018-04-06,4.0,6.0,3.0,1.0,0.0,0.0,5.0,5.0,0.0,18.0,2.0,0.0,0.0,0.0,0.0,5.0,3.0,0.0,0.0,0.0,18.0,0.0,18.0,0.0,4.0,0.0,14.4,10.6,19.2,0.0,59.0,100.0,assente
1330,2018-04-07,7.0,9.0,4.0,2.0,0.0,0.0,18.0,16.0,0.0,64.0,20.0,3.0,0.0,0.0,0.0,7.0,10.0,1.0,0.0,0.0,66.0,0.0,72.0,6.0,11.0,2.0,14.2,9.8,19.4,0.0,41.0,97.0,assente
1331,2018-04-08,1.0,5.0,3.0,0.0,0.0,0.0,9.0,9.0,0.0,27.0,35.0,3.0,0.0,0.0,0.0,2.0,2.0,1.0,0.0,2.0,19.0,0.0,20.0,1.0,2.0,1.0,13.8,8.6,19.3,0.0,29.0,96.0,assente
1332,2018-04-09,6.0,4.0,5.0,1.0,0.0,0.0,13.0,12.0,1.0,53.0,54.0,1.0,0.0,1.0,0.0,3.0,6.0,6.0,0.0,1.0,26.0,1.0,28.0,3.0,3.0,1.0,14.0,11.2,20.3,0.8,47.0,95.0,assente
1333,2018-04-10,4.0,1.0,5.0,0.0,0.0,0.0,10.0,10.0,0.0,81.0,18.0,1.0,0.0,3.0,0.0,20.0,7.0,0.0,0.0,69.0,10.0,3.0,52.0,42.0,2.0,0.0,14.3,10.9,19.2,3.0,47.0,99.0,assente
1334,2018-04-11,2.0,4.0,10.0,0.0,0.0,0.0,10.0,10.0,0.0,27.0,33.0,0.0,0.0,0.0,0.0,19.0,8.0,0.0,0.0,18.0,4.0,0.0,12.0,8.0,0.0,0.0,13.0,9.9,17.6,7.0,62.0,100.0,assente
1335,2018-04-12,0.0,1.0,4.0,0.0,0.0,0.0,1.0,1.0,0.0,8.0,3.0,0.0,0.0,0.0,0.0,5.0,2.0,0.0,0.0,15.0,0.0,0.0,19.0,19.0,0.0,0.0,13.3,12.0,15.0,13.0,80.0,98.0,assente
1336,2018-04-13,5.0,2.0,14.0,0.0,0.0,0.0,5.0,5.0,1.0,44.0,14.0,0.0,0.0,4.0,0.0,23.0,11.0,0.0,0.0,137.0,4.0,4.0,24.0,20.0,2.0,3.0,14.4,8.8,19.5,0.2,43.0,100.0,assente
1337,2018-04-14,7.0,8.0,59.0,1.0,0.0,0.0,13.0,12.0,0.0,417.0,44.0,0.0,0.0,21.0,0.0,59.0,29.0,0.0,0.0,309.0,14.0,21.0,75.0,61.0,6.0,1.0,15.6,9.2,21.1,0.0,45.0,97.0,assente
1338,2018-04-15,2.0,7.0,73.0,3.0,0.0,0.0,91.0,88.0,0.0,995.0,71.0,15.0,0.0,37.0,0.0,31.0,76.0,1.0,0.0,125.0,22.0,37.0,115.0,93.0,12.0,3.0,17.4,13.2,22.6,0.0,51.0,88.0,assente
1339,2018-04-16,1.0,5.0,61.0,0.0,0.0,0.0,12.0,12.0,0.0,398.0,31.0,6.0,0.0,29.0,0.0,40.0,12.0,0.0,0.0,186.0,20.0,29.0,88.0,69.0,8.0,2.0,17.8,12.5,24.6,0.8,46.0,95.0,assente
1340,2018-04-17,7.0,4.0,41.0,0.0,0.0,0.0,6.0,6.0,1.0,125.0,9.0,1.0,0.0,13.0,1.0,19.0,10.0,1.0,0.0,88.0,1.0,12.0,16.0,15.0,0.0,3.0,18.7,13.8,24.0,0.0,39.0,91.0,assente
1341,2018-04-18,2.0,7.0,68.0,0.0,0.0,0.0,42.0,42.0,0.0,516.0,37.0,12.0,0.0,31.0,3.0,42.0,81.0,3.0,0.0,216.0,2.0,27.0,26.0,24.0,5.0,4.0,18.8,13.6,24.5,0.0,34.0,87.0,assente
1342,2018-04-19,2.0,10.0,77.0,0.0,0.0,0.0,25.0,25.0,0.0,341.0,52.0,7.0,0.0,74.0,25.0,32.0,64.0,0.0,0.0,130.0,3.0,49.0,24.0,22.0,4.0,7.0,19.6,13.2,26.0,0.0,28.0,78.0,assente
1343,2018-04-20,0.0,2.0,174.0,1.0,0.0,0.0,75.0,75.0,0.0,686.0,16.0,8.0,0.0,78.0,22.0,94.0,64.0,0.0,0.0,155.0,1.0,57.0,31.0,30.0,2.0,10.0,21.1,13.3,28.3,0.0,29.0,76.0,assente
1344,2018-04-21,1.0,8.0,232.0,0.0,0.0,0.0,23.0,23.0,0.0,237.0,16.0,4.0,0.0,42.0,9.0,115.0,53.0,2.0,0.0,105.0,1.0,33.0,17.0,16.0,0.0,28.0,20.8,15.0,26.9,0.0,28.0,75.0,assente
1345,2018-04-22,0.0,4.0,262.0,0.0,0.0,0.0,27.0,27.0,0.0,150.0,50.0,3.0,0.0,11.0,1.0,102.0,30.0,0.0,0.0,32.0,0.0,10.0,31.0,31.0,0.0,32.0,19.0,13.4,25.2,0.0,38.0,89.0,assente
1346,2018-04-23,1.0,1.0,63.0,0.0,0.0,0.0,12.0,12.0,0.0,119.0,29.0,1.0,0.0,11.0,2.0,55.0,31.0,0.0,0.0,7.0,0.0,9.0,1.0,1.0,0.0,34.0,18.7,13.4,24.7,0.0,38.0,94.0,assente
1347,2018-04-24,0.0,14.0,265.0,0.0,0.0,0.0,35.0,35.0,1.0,697.0,23.0,5.0,0.0,14.0,2.0,154.0,115.0,0.0,1.0,36.0,0.0,12.0,13.0,13.0,0.0,43.0,20.0,14.3,25.8,0.0,39.0,92.0,assente
1348,2018-04-25,0.0,20.0,287.0,0.0,0.0,0.0,25.0,25.0,0.0,343.0,45.0,11.0,0.0,35.0,2.0,163.0,236.0,1.0,0.0,25.0,0.0,33.0,15.0,15.0,0.0,49.0,20.5,15.0,26.7,0.0,38.0,98.0,assente
1349,2018-04-26,1.0,15.0,179.0,0.0,0.0,0.0,47.0,47.0,0.0,428.0,160.0,3.0,0.0,160.0,19.0,256.0,467.0,5.0,1.0,31.0,0.0,141.0,13.0,13.0,0.0,35.0,20.6,15.9,26.6,0.0,49.0,90.0,assente
1350,2018-04-27,0.0,6.0,155.0,0.0,0.0,0.0,46.0,46.0,0.0,199.0,86.0,2.0,0.0,80.0,10.0,302.0,570.0,6.0,0.0,16.0,0.0,71.0,4.0,4.0,0.0,41.0,18.9,14.9,24.3,0.0,39.0,80.0,assente
1351,2018-04-28,0.0,6.0,196.0,0.0,0.0,0.0,16.0,16.0,0.0,142.0,67.0,1.0,0.0,35.0,4.0,71.0,161.0,4.0,0.0,8.0,0.0,31.0,6.0,6.0,0.0,37.0,20.2,14.4,26.9,0.0,37.0,86.0,assente
1352,2018-04-29,0.0,4.0,90.0,0.0,0.0,0.0,7.0,7.0,0.0,69.0,39.0,2.0,0.0,57.0,2.0,112.0,184.0,4.0,0.0,2.0,0.0,55.0,6.0,6.0,1.0,20.0,20.5,15.5,26.9,0.0,46.0,92.0,assente
1353,2018-04-30,0.0,26.0,108.0,0.0,0.0,0.0,12.0,12.0,0.0,115.0,16.0,4.0,0.0,165.0,35.0,222.0,329.0,2.0,0.0,16.0,0.0,129.0,2.0,2.0,0.0,19.0,19.4,14.6,24.3,0.0,30.0,97.0,assente
1354,2018-05-01,0.0,10.0,29.0,0.0,0.0,0.0,2.0,2.0,0.0,37.0,7.0,6.0,0.0,51.0,3.0,43.0,79.0,3.0,0.0,2.0,0.0,48.0,1.0,1.0,0.0,6.0,16.6,12.0,21.1,1.8,35.0,90.0,assente
1355,2018-05-02,0.0,10.0,35.0,0.0,0.0,0.0,2.0,2.0,0.0,19.0,9.0,3.0,0.0,39.0,1.0,34.0,182.0,11.0,0.0,3.0,0.0,38.0,1.0,1.0,0.0,12.0,17.3,12.1,23.9,4.8,48.0,97.0,assente
1356,2018-05-03,0.0,27.0,59.0,0.0,0.0,0.0,1.0,1.0,0.0,35.0,41.0,8.0,0.0,90.0,5.0,157.0,270.0,27.0,0.0,0.0,0.0,85.0,0.0,0.0,0.0,10.0,20.0,15.7,24.9,17.8,50.0,99.0,assente
1357,2018-05-04,0.0,5.0,18.0,0.0,0.0,0.0,1.0,1.0,0.0,4.0,1.0,1.0,0.0,13.0,1.0,55.0,12.0,1.0,1.0,0.0,0.0,12.0,0.0,0.0,0.0,4.0,18.0,15.3,23.8,4.0,60.0,100.0,assente
1358,2018-05-05,0.0,27.0,33.0,0.0,0.0,0.0,1.0,1.0,0.0,19.0,3.0,3.0,0.0,25.0,6.0,65.0,122.0,69.0,1.0,0.0,0.0,19.0,0.0,0.0,0.0,5.0,19.9,14.8,24.8,0.0,53.0,91.0,assente
1359,2018-05-06,0.0,70.0,66.0,0.0,0.0,0.0,2.0,2.0,1.0,30.0,8.0,1.0,0.0,43.0,4.0,86.0,180.0,76.0,1.0,0.0,0.0,39.0,0.0,0.0,0.0,11.0,22.3,16.5,28.5,0.0,42.0,88.0,assente
1360,2018-05-07,0.0,47.0,54.0,0.0,0.0,0.0,1.0,1.0,1.0,10.0,4.0,1.0,0.0,27.0,3.0,109.0,85.0,152.0,2.0,0.0,0.0,25.0,0.0,0.0,0.0,11.0,21.9,17.2,26.9,0.2,37.0,83.0,assente
1361,2018-05-08,0.0,48.0,30.0,1.0,0.0,0.0,1.0,0.0,0.0,10.0,2.0,1.0,0.0,33.0,0.0,57.0,20.0,34.0,4.0,0.0,0.0,33.0,0.0,0.0,0.0,9.0,21.3,17.0,26.4,0.0,33.0,80.0,assente
1362,2018-05-09,0.0,30.0,40.0,0.0,0.0,0.0,0.0,0.0,0.0,9.0,3.0,4.0,0.0,24.0,1.0,67.0,52.0,23.0,6.0,1.0,0.0,23.0,0.0,0.0,0.0,9.0,19.6,14.9,24.8,0.0,38.0,77.0,assente
1363,2018-05-10,0.0,26.0,34.0,0.0,0.0,0.0,0.0,0.0,0.0,4.0,5.0,0.0,0.0,13.0,0.0,38.0,12.0,9.0,2.0,0.0,0.0,13.0,0.0,0.0,0.0,11.0,19.2,15.1,24.6,2.6,48.0,95.0,assente
1364,2018-05-11,0.0,40.0,47.0,0.0,0.0,0.0,0.0,0.0,0.0,11.0,2.0,0.0,0.0,22.0,0.0,55.0,33.0,24.0,5.0,0.0,0.0,22.0,0.0,0.0,0.0,8.0,20.9,15.9,26.4,0.0,46.0,87.0,assente
1365,2018-05-12,0.0,27.0,32.0,0.0,0.0,0.0,0.0,0.0,0.0,5.0,0.0,1.0,0.0,13.0,0.0,40.0,24.0,14.0,0.0,0.0,0.0,13.0,0.0,0.0,0.0,7.0,21.0,16.7,27.5,3.2,44.0,87.0,assente
1366,2018-05-13,0.0,36.0,21.0,0.0,0.0,0.0,0.0,0.0,1.0,3.0,0.0,1.0,0.0,21.0,0.0,66.0,7.0,10.0,1.0,0.0,0.0,21.0,0.0,0.0,0.0,3.0,18.9,15.0,22.5,36.4,68.0,98.0,assente
1367,2018-05-14,0.0,11.0,21.0,0.0,0.0,0.0,0.0,0.0,0.0,3.0,0.0,1.0,0.0,15.0,0.0,15.0,6.0,5.0,2.0,0.0,0.0,15.0,0.0,0.0,0.0,3.0,16.6,13.8,21.1,0.0,45.0,100.0,assente
1368,2018-05-15,0.0,11.0,19.0,0.0,0.0,0.0,0.0,0.0,0.0,2.0,1.0,1.0,0.0,18.0,0.0,9.0,6.0,4.0,0.0,0.0,0.0,18.0,0.0,0.0,0.0,4.0,14.6,12.5,17.4,0.0,61.0,87.0,assente
1369,2018-05-16,0.0,9.0,20.0,0.0,0.0,0.0,0.0,0.0,0.0,1.0,1.0,1.0,0.0,4.0,0.0,19.0,5.0,3.0,3.0,0.0,0.0,4.0,0.0,0.0,0.0,3.0,15.5,10.2,20.1,0.0,52.0,90.0,assente
1370,2018-05-17,0.0,44.0,9.0,0.0,0.0,0.0,0.0,0.0,0.0,0.0,0.0,0.0,0.0,1.0,0.0,35.0,5.0,1.0,2.0,0.0,0.0,1.0,0.0,0.0,0.0,16.0,17.5,13.3,22.1,0.0,52.0,93.0,assente
1371,2018-05-18,0.0,32.0,16.0,0.0,0.0,0.0,0.0,0.0,1.0,1.0,0.0,0.0,0.0,1.0,0.0,35.0,10.0,3.0,2.0,0.0,0.0,1.0,0.0,0.0,0.0,9.0,18.4,13.8,24.8,0.2,47.0,93.0,assente
1372,2018-05-19,0.0,37.0,15.0,1.0,0.0,0.0,1.0,1.0,0.0,3.0,0.0,1.0,0.0,1.0,0.0,16.0,7.0,5.0,3.0,0.0,0.0,1.0,0.0,0.0,0.0,13.0,19.8,13.3,25.3,0.0,38.0,89.0,assente
1373,2018-05-20,0.0,32.0,37.0,0.0,0.0,0.0,0.0,0.0,0.0,2.0,0.0,0.0,0.0,3.0,0.0,48.0,16.0,5.0,5.0,0.0,0.0,3.0,0.0,0.0,0.0,12.0,20.7,15.1,26.1,0.0,39.0,80.0,assente
1374,2018-05-21,0.0,48.0,46.0,0.0,0.0,0.0,0.0,0.0,1.0,0.0,1.0,0.0,0.0,5.0,0.0,51.0,20.0,7.0,5.0,0.0,0.0,5.0,0.0,0.0,0.0,17.0,22.0,18.2,27.3,0.0,36.0,69.0,assente
1375,2018-05-22,0.0,8.0,5.0,0.0,0.0,0.0,0.0,0.0,0.0,1.0,0.0,0.0,0.0,0.0,0.0,11.0,10.0,1.0,3.0,0.0,0.0,0.0,0.0,0.0,0.0,3.0,17.7,15.7,20.1,18.8,61.0,98.0,assente
1376,2018-05-23,0.0,15.0,7.0,0.0,0.0,0.0,0.0,0.0,0.0,1.0,1.0,0.0,0.0,1.0,1.0,12.0,5.0,1.0,2.0,0.0,0.0,0.0,0.0,0.0,0.0,12.0,19.7,15.4,23.4,1.6,54.0,98.0,assente
1377,2018-05-24,0.0,52.0,15.0,1.0,0.0,0.0,1.0,0.0,1.0,0.0,0.0,0.0,2.0,2.0,0.0,24.0,12.0,4.0,8.0,0.0,0.0,0.0,0.0,0.0,0.0,14.0,21.6,17.4,27.1,1.2,52.0,96.0,assente
1378,2018-05-25,0.0,66.0,21.0,0.0,0.0,0.0,0.0,0.0,0.0,1.0,0.0,0.0,2.0,2.0,0.0,19.0,30.0,2.0,5.0,0.0,0.0,0.0,0.0,0.0,0.0,25.0,23.5,17.0,29.5,0.0,44.0,90.0,assente
1379,2018-05-26,0.0,101.0,18.0,7.0,0.0,0.0,7.0,0.0,0.0,1.0,1.0,0.0,0.0,0.0,0.0,22.0,22.0,33.0,10.0,0.0,0.0,0.0,0.0,0.0,0.0,27.0,24.2,19.3,29.3,0.0,45.0,79.0,assente
1380,2018-05-27,0.0,93.0,25.0,6.0,0.0,0.0,6.0,1.0,1.0,1.0,1.0,1.0,2.0,3.0,0.0,32.0,25.0,15.0,8.0,0.0,0.0,1.0,0.0,0.0,0.0,29.0,24.4,20.4,30.0,0.0,48.0,85.0,assente
1381,2018-05-28,0.0,66.0,9.0,4.0,0.0,0.0,4.0,0.0,0.0,1.0,2.0,0.0,3.0,3.0,0.0,16.0,37.0,5.0,7.0,0.0,0.0,1.0,0.0,0.0,0.0,26.0,24.0,20.5,29.3,0.4,52.0,84.0,assente
1382,2018-05-29,0.0,154.0,11.0,0.0,0.0,0.0,0.0,0.0,1.0,1.0,1.0,0.0,0.0,0.0,0.0,11.0,4.0,2.0,3.0,0.0,0.0,0.0,0.0,0.0,0.0,14.0,23.4,21.2,26.8,0.2,59.0,86.0,assente
1383,2018-05-30,0.0,87.0,13.0,1.0,0.0,0.0,1.0,0.0,3.0,0.0,0.0,0.0,9.0,9.0,0.0,13.0,16.0,2.0,10.0,0.0,0.0,0.0,0.0,0.0,0.0,29.0,24.2,19.3,29.1,0.0,48.0,87.0,assente
1384,2018-05-31,0.0,97.0,18.0,1.0,0.0,0.0,1.0,0.0,1.0,0.0,1.0,0.0,8.0,8.0,0.0,26.0,19.0,2.0,13.0,0.0,0.0,0.0,0.0,0.0,0.0,24.0,24.4,20.1,30.4,1.4,39.0,89.0,assente
1385,2018-06-01,0.0,204.0,27.0,0.0,0.0,0.0,0.0,0.0,1.0,0.0,0.0,0.0,60.0,60.0,0.0,31.0,19.0,3.0,11.0,0.0,0.0,0.0,0.0,0.0,0.0,34.0,24.0,19.0,29.1,0.0,43.0,93.0,assente
1386,2018-06-02,0.0,217.0,17.0,0.0,0.0,0.0,0.0,0.0,1.0,0.0,2.0,0.0,29.0,29.0,0.0,33.0,10.0,2.0,11.0,0.0,0.0,0.0,0.0,0.0,0.0,30.0,23.4,19.1,29.9,0.0,44.0,86.0,assente
1387,2018-06-03,0.0,72.0,11.0,1.0,0.0,0.0,1.0,0.0,1.0,0.0,0.0,0.0,11.0,11.0,0.0,21.0,6.0,2.0,8.0,0.0,0.0,0.0,0.0,0.0,0.0,21.0,23.9,18.7,29.4,0.4,48.0,82.0,assente
1388,2018-06-04,0.0,139.0,14.0,1.0,0.0,0.0,1.0,0.0,0.0,0.0,1.0,0.0,13.0,13.0,0.0,20.0,7.0,2.0,9.0,0.0,0.0,0.0,0.0,0.0,0.0,21.0,23.5,19.9,28.6,0.0,51.0,88.0,assente
1389,2018-06-05,0.0,171.0,12.0,1.0,0.0,0.0,1.0,0.0,0.0,0.0,0.0,0.0,23.0,23.0,0.0,20.0,11.0,2.0,8.0,0.0,0.0,0.0,0.0,0.0,0.0,13.0,22.7,18.2,29.1,2.8,47.0,94.0,assente
1390,2018-06-06,0.0,107.0,17.0,0.0,0.0,0.0,0.0,0.0,0.0,0.0,1.0,0.0,7.0,7.0,0.0,15.0,7.0,3.0,6.0,0.0,0.0,0.0,0.0,0.0,0.0,11.0,22.4,18.2,27.8,0.0,56.0,92.0,assente
1391,2018-06-07,0.0,63.0,7.0,0.0,0.0,0.0,0.0,0.0,0.0,0.0,0.0,0.0,2.0,2.0,0.0,9.0,4.0,0.0,8.0,0.0,0.0,0.0,0.0,0.0,0.0,14.0,21.2,17.2,27.8,17.0,57.0,99.0,assente
1392,2018-06-08,0.0,28.0,4.0,0.0,0.0,0.0,0.0,0.0,0.0,0.0,0.0,0.0,6.0,6.0,0.0,11.0,4.0,1.0,5.0,0.0,0.0,0.0,0.0,0.0,0.0,12.0,20.2,14.7,24.5,32.2,57.0,100.0,assente
1394,2018-06-10,0.0,342.0,15.0,4.0,0.0,0.0,4.0,0.0,1.0,0.0,1.0,0.0,74.0,74.0,0.0,30.0,2.0,5.0,18.0,0.0,0.0,0.0,0.0,0.0,0.0,43.0,25.1,19.5,30.4,0.0,47.0,90.0,assente
1395,2018-06-11,0.0,538.0,10.0,8.0,0.0,0.0,8.0,0.0,2.0,0.0,5.0,0.0,26.0,26.0,0.0,21.0,3.0,3.0,12.0,0.0,0.0,0.0,0.0,0.0,0.0,43.0,26.0,21.2,31.8,0.0,49.0,92.0,assente
1397,2018-06-13,0.0,170.0,4.0,0.0,0.0,0.0,0.0,0.0,0.0,0.0,2.0,0.0,52.0,52.0,0.0,14.0,2.0,1.0,12.0,0.0,0.0,0.0,0.0,0.0,0.0,21.0,22.5,17.3,27.6,0.0,45.0,89.0,assente
1399,2018-06-15,0.0,70.0,7.0,0.0,0.0,0.0,0.0,0.0,1.0,0.0,2.0,0.0,41.0,41.0,0.0,18.0,4.0,6.0,9.0,0.0,0.0,0.0,0.0,0.0,0.0,41.0,23.0,19.2,27.2,0.0,35.0,81.0,assente
1400,2018-06-16,0.0,110.0,12.0,1.0,0.0,0.0,1.0,0.0,1.0,0.0,1.0,0.0,33.0,33.0,0.0,24.0,2.0,6.0,12.0,0.0,0.0,0.0,0.0,0.0,0.0,70.0,23.7,18.2,28.2,0.0,38.0,78.0,assente
1401,2018-06-17,0.0,223.0,4.0,0.0,0.0,0.0,0.0,0.0,3.0,0.0,1.0,0.0,42.0,42.0,0.0,26.0,2.0,3.0,17.0,0.0,0.0,0.0,0.0,0.0,0.0,52.0,25.1,20.0,30.4,0.0,35.0,73.0,assente
1402,2018-06-18,0.0,121.0,9.0,0.0,0.0,0.0,0.0,0.0,0.0,0.0,1.0,0.0,10.0,10.0,0.0,18.0,2.0,3.0,14.0,0.0,0.0,0.0,0.0,0.0,0.0,38.0,24.0,19.5,29.6,0.0,35.0,83.0,assente
1404,2018-06-20,0.0,247.0,6.0,0.0,0.0,0.0,0.0,0.0,0.0,0.0,2.0,0.0,6.0,6.0,0.0,20.0,2.0,5.0,15.0,0.0,0.0,0.0,0.0,0.0,0.0,42.0,25.9,21.7,30.0,0.0,39.0,69.0,assente
1600,2019-02-13,0.0,1.0,0.0,16.0,0.0,0.0,16.0,0.0,0.0,27.0,59.0,0.0,0.0,0.0,0.0,0.0,2.0,1.0,0.0,0.0,1.0,0.0,1.0,0.0,0.0,0.0,6.4,1.5,11.9,0.0,43.0,93.0,assente
1601,2019-02-14,0.0,3.0,0.0,9.0,0.0,0.0,9.0,0.0,0.0,35.0,11.0,0.0,0.0,0.0,0.0,0.0,2.0,0.0,0.0,0.0,0.0,0.0,0.0,0.0,0.0,0.0,5.9,1.4,12.2,0.0,48.0,93.0,assente
1602,2019-02-15,0.0,1.0,0.0,20.0,0.0,0.0,20.0,0.0,0.0,49.0,16.0,0.0,0.0,0.0,0.0,0.0,5.0,0.0,0.0,0.0,0.0,0.0,0.0,0.0,8.0,0.0,7.2,2.0,14.4,0.0,45.0,96.0,assente
1603,2019-02-16,0.0,1.0,0.0,35.0,0.0,0.0,35.0,0.0,0.0,74.0,115.0,0.0,0.0,0.0,0.0,0.0,11.0,0.0,0.0,0.0,0.0,0.0,0.0,0.0,17.0,0.0,7.3,2.7,15.1,0.0,47.0,93.0,assente
1604,2019-02-17,0.0,5.0,1.0,45.0,0.0,0.0,45.0,0.0,0.0,45.0,121.0,0.0,0.0,0.0,0.0,0.0,35.0,0.0,0.0,0.0,0.0,0.0,0.0,0.0,19.0,0.0,8.0,2.6,16.1,0.0,43.0,97.0,assente
1605,2019-02-18,0.0,4.0,1.0,210.0,0.0,0.0,210.0,0.0,0.0,290.0,263.0,0.0,0.0,0.0,0.0,0.0,35.0,0.0,0.0,0.0,0.0,0.0,0.0,0.0,51.0,0.0,7.5,2.2,15.7,0.0,47.0,99.0,assente
1606,2019-02-19,0.0,2.0,0.0,53.0,0.0,0.0,53.0,0.0,0.0,50.0,114.0,0.0,0.0,0.0,0.0,0.0,11.0,0.0,0.0,0.0,0.0,0.0,0.0,0.0,4.0,0.0,4.7,1.3,7.3,0.0,78.0,100.0,assente
1607,2019-02-20,0.0,4.0,1.0,88.0,0.0,0.0,88.0,0.0,0.0,65.0,74.0,0.0,0.0,0.0,0.0,0.0,17.0,0.0,0.0,0.0,0.0,0.0,0.0,0.0,24.0,0.0,6.7,4.0,9.4,0.0,73.0,99.0,assente
1608,2019-02-21,0.0,4.0,1.0,18.0,0.0,0.0,18.0,0.0,0.0,13.0,54.0,0.0,0.0,0.0,0.0,0.0,19.0,0.0,0.0,0.0,1.0,0.0,1.0,0.0,15.0,0.0,6.4,1.4,13.3,0.0,60.0,100.0,assente
1609,2019-02-22,0.0,3.0,0.0,134.0,0.0,0.0,135.0,1.0,0.0,125.0,82.0,0.0,0.0,0.0,0.0,0.0,24.0,1.0,0.0,0.0,1.0,0.0,1.0,0.0,37.0,0.0,7.0,2.2,14.4,0.0,56.0,100.0,assente
1610,2019-02-23,5.0,3.0,1.0,385.0,0.0,0.0,385.0,0.0,0.0,239.0,295.0,0.0,0.0,0.0,0.0,0.0,24.0,1.0,0.0,0.0,51.0,0.0,51.0,0.0,57.0,0.0,6.1,3.0,9.1,0.0,30.0,98.0,assente
1611,2019-02-24,0.0,0.0,1.0,131.0,0.0,0.0,131.0,0.0,0.0,36.0,45.0,0.0,0.0,0.0,0.0,0.0,27.0,1.0,0.0,0.0,7.0,0.0,7.0,0.0,31.0,0.0,5.0,0.5,9.8,0.0,32.0,68.0,assente
1612,2019-02-25,0.0,6.0,1.0,87.0,0.0,0.0,87.0,0.0,0.0,19.0,314.0,0.0,0.0,0.0,0.0,0.0,21.0,0.0,0.0,0.0,4.0,0.0,4.0,0.0,109.0,0.0,7.8,-0.3,16.5,0.0,32.0,84.0,assente
1613,2019-02-26,0.0,3.0,0.0,53.0,0.0,0.0,54.0,1.0,0.0,29.0,361.0,0.0,0.0,0.0,0.0,0.0,8.0,0.0,0.0,0.0,11.0,0.0,11.0,0.0,77.0,0.0,10.0,5.1,17.2,0.0,42.0,82.0,assente
1614,2019-02-27,0.0,8.0,2.0,64.0,0.0,0.0,65.0,1.0,0.0,71.0,766.0,0.0,0.0,0.0,0.0,0.0,57.0,0.0,0.0,0.0,423.0,0.0,423.0,0.0,230.0,0.0,12.1,4.4,22.4,0.0,24.0,91.0,assente
1615,2019-02-28,0.0,0.0,3.0,67.0,0.0,0.0,69.0,2.0,0.0,35.0,378.0,0.0,0.0,0.0,0.0,0.0,28.0,0.0,0.0,0.0,68.0,0.0,68.0,0.0,123.0,0.0,10.3,5.6,17.2,0.0,41.0,89.0,assente
1616,2019-03-01,0.0,5.0,0.0,69.0,0.0,0.0,70.0,1.0,0.0,29.0,317.0,0.0,0.0,0.0,0.0,0.0,34.0,0.0,0.0,0.0,80.0,0.0,80.0,0.0,119.0,0.0,9.2,6.3,13.8,0.0,63.0,100.0,assente
1617,2019-03-02,0.0,7.0,4.0,126.0,0.0,0.0,127.0,1.0,0.0,47.0,223.0,0.0,0.0,0.0,0.0,0.0,82.0,0.0,0.0,0.0,51.0,0.0,51.0,0.0,217.0,0.0,9.7,4.7,16.9,0.0,46.0,100.0,assente
1618,2019-03-03,0.0,2.0,3.0,49.0,0.0,0.0,50.0,1.0,0.0,56.0,392.0,0.0,0.0,0.0,0.0,0.0,78.0,0.0,0.0,0.0,76.0,0.0,77.0,1.0,160.0,0.0,10.3,4.7,17.3,0.0,45.0,99.0,assente
1619,2019-03-04,0.0,5.0,0.0,35.0,0.0,0.0,35.0,0.0,0.0,21.0,277.0,0.0,0.0,0.0,0.0,0.0,32.0,0.0,0.0,0.0,51.0,0.0,52.0,1.0,67.0,0.0,8.8,6.8,13.6,0.2,66.0,99.0,assente
1620,2019-03-05,0.0,0.0,0.0,4.0,0.0,0.0,5.0,1.0,0.0,5.0,119.0,0.0,0.0,0.0,0.0,0.0,16.0,0.0,0.0,0.0,5.0,0.0,7.0,2.0,8.0,0.0,9.3,4.6,15.5,0.2,52.0,100.0,assente
1621,2019-03-06,0.0,3.0,0.0,17.0,0.0,0.0,17.0,0.0,0.0,6.0,184.0,0.0,0.0,0.0,0.0,0.0,25.0,0.0,0.0,0.0,23.0,0.0,24.0,1.0,52.0,0.0,10.1,5.3,16.6,0.0,46.0,100.0,assente
1622,2019-03-07,0.0,2.0,2.0,22.0,0.0,0.0,24.0,1.0,0.0,7.0,591.0,0.0,0.0,0.0,0.0,0.0,41.0,0.0,0.0,0.0,57.0,0.0,59.0,2.0,99.0,1.0,11.7,8.6,17.1,0.0,67.0,97.0,assente
1623,2019-03-08,0.0,1.0,7.0,18.0,0.0,0.0,19.0,1.0,0.0,3.0,684.0,0.0,0.0,0.0,0.0,0.0,11.0,0.0,0.0,0.0,41.0,0.0,42.0,0.0,41.0,0.0,12.4,6.6,19.1,0.0,34.0,100.0,assente
1624,2019-03-09,0.0,10.0,4.0,11.0,0.0,0.0,11.0,0.0,0.0,8.0,564.0,0.0,0.0,0.0,0.0,0.0,15.0,1.0,0.0,0.0,51.0,0.0,56.0,5.0,31.0,0.0,12.4,6.7,18.6,0.0,44.0,90.0,assente
1625,2019-03-10,2.0,4.0,5.0,20.0,0.0,0.0,21.0,1.0,0.0,7.0,512.0,0.0,0.0,0.0,0.0,1.0,10.0,1.0,0.0,0.0,195.0,0.0,202.0,7.0,43.0,0.0,11.1,6.9,16.4,0.0,60.0,94.0,assente
1626,2019-03-11,3.0,10.0,3.0,20.0,0.0,0.0,21.0,1.0,0.0,12.0,396.0,0.0,0.0,0.0,0.0,1.0,10.0,0.0,0.0,0.0,66.0,0.0,73.0,7.0,47.0,0.0,10.9,6.2,17.5,0.0,22.0,93.0,assente
1627,2019-03-12,0.0,9.0,3.0,10.0,0.0,0.0,12.0,2.0,0.0,9.0,250.0,0.0,0.0,0.0,0.0,0.0,5.0,0.0,0.0,0.0,47.0,0.0,49.0,2.0,31.0,0.0,10.4,2.3,17.0,0.0,12.0,71.0,assente
1628,2019-03-13,2.0,5.0,4.0,16.0,0.0,0.0,17.0,1.0,0.0,8.0,210.0,0.0,0.0,0.0,0.0,0.0,9.0,0.0,0.0,0.0,59.0,0.0,61.0,2.0,19.0,0.0,6.5,2.0,11.4,0.0,37.0,98.0,assente
1629,2019-03-14,8.0,3.0,5.0,5.0,0.0,0.0,5.0,0.0,0.0,5.0,181.0,0.0,0.0,0.0,0.0,1.0,3.0,0.0,0.0,0.0,90.0,0.0,91.0,0.0,15.0,0.0,8.2,2.2,13.8,0.0,40.0,100.0,assente
1630,2019-03-15,10.0,2.0,7.0,7.0,0.0,0.0,7.0,0.0,0.0,5.0,255.0,0.0,0.0,0.0,0.0,0.0,5.0,0.0,0.0,0.0,115.0,0.0,120.0,5.0,7.0,0.0,9.1,3.1,16.2,0.0,49.0,99.0,assente
1631,2019-03-16,32.0,1.0,8.0,9.0,0.0,0.0,10.0,1.0,0.0,4.0,348.0,0.0,0.0,0.0,0.0,0.0,4.0,0.0,0.0,0.0,82.0,0.0,92.0,10.0,8.0,0.0,10.5,4.8,17.6,0.0,50.0,98.0,assente
1632,2019-03-17,59.0,6.0,4.0,6.0,0.0,0.0,6.0,0.0,0.0,8.0,490.0,0.0,0.0,0.0,0.0,0.0,9.0,1.0,0.0,0.0,114.0,0.0,131.0,18.0,4.0,0.0,12.0,6.8,16.6,0.0,63.0,97.0,assente
1634,2019-03-19,18.0,2.0,2.0,2.0,0.0,0.0,2.0,0.0,0.0,0.0,7.0,0.0,0.0,0.0,0.0,0.0,3.0,0.0,0.0,0.0,5.0,0.0,6.0,1.0,2.0,0.0,8.8,5.8,13.6,0.0,34.0,81.0,assente
1637,2019-03-22,21.0,2.0,5.0,2.0,0.0,0.0,3.0,1.0,0.0,3.0,62.0,0.0,0.0,0.0,0.0,2.0,8.0,0.0,0.0,0.0,27.0,0.0,34.0,7.0,4.0,0.0,11.2,3.1,19.8,0.0,20.0,85.0,assente
1638,2019-03-23,44.0,4.0,5.0,2.0,0.0,0.0,6.0,4.0,0.0,4.0,94.0,0.0,0.0,0.0,0.0,2.0,6.0,0.0,0.0,6.0,39.0,0.0,43.0,4.0,12.0,0.0,13.8,5.2,22.7,0.0,26.0,76.0,assente
1639,2019-03-24,56.0,6.0,5.0,4.0,0.0,0.0,11.0,7.0,0.0,2.0,70.0,0.0,0.0,0.0,0.0,2.0,3.0,0.0,0.0,43.0,55.0,0.0,59.0,4.0,18.0,1.0,15.4,6.7,24.4,0.0,28.0,86.0,assente
1640,2019-03-25,53.0,4.0,8.0,4.0,0.0,0.0,8.0,4.0,0.0,7.0,44.0,0.0,0.0,0.0,0.0,3.0,4.0,0.0,0.0,29.0,49.0,0.0,60.0,11.0,12.0,1.0,13.5,7.1,22.0,4.8,37.0,92.0,assente
1641,2019-03-26,15.0,5.0,3.0,6.0,0.0,0.0,9.0,3.0,0.0,9.0,22.0,4.0,0.0,0.0,0.0,4.0,3.0,0.0,0.0,47.0,31.0,0.0,36.0,5.0,7.0,0.0,10.0,6.0,15.3,0.0,35.0,84.0,assente
1647,2019-04-01,50.0,3.0,93.0,0.0,0.0,0.0,87.0,87.0,0.0,254.0,48.0,15.0,0.0,2.0,0.0,10.0,3.0,0.0,0.0,152.0,32.0,2.0,50.0,18.0,2.0,1.0,15.3,7.8,22.7,0.0,30.0,88.0,assente
1648,2019-04-02,27.0,2.0,69.0,0.0,0.0,0.0,41.0,41.0,0.0,70.0,47.0,8.0,0.0,72.0,0.0,12.0,15.0,0.0,0.0,194.0,12.0,72.0,39.0,27.0,3.0,0.0,15.5,8.9,22.2,0.0,33.0,81.0,assente
1649,2019-04-03,70.0,1.0,56.0,2.0,0.0,0.0,11.0,9.0,0.0,21.0,45.0,5.0,0.0,57.0,0.0,4.0,4.0,2.0,0.0,102.0,2.0,57.0,25.0,23.0,0.0,0.0,13.8,11.3,19.2,0.4,51.0,98.0,assente
1650,2019-04-04,43.0,2.0,47.0,0.0,0.0,0.0,2.0,2.0,0.0,8.0,9.0,1.0,0.0,47.0,0.0,5.0,3.0,6.0,0.0,105.0,1.0,47.0,19.0,18.0,5.0,1.0,13.2,8.9,17.5,21.0,66.0,100.0,assente
1653,2019-04-07,15.0,2.0,47.0,0.0,0.0,0.0,3.0,3.0,0.0,2.0,4.0,0.0,0.0,42.0,0.0,6.0,7.0,0.0,0.0,59.0,0.0,42.0,3.0,3.0,0.0,1.0,10.6,7.3,15.8,0.2,46.0,100.0,assente
1654,2019-04-08,13.0,4.0,85.0,0.0,0.0,0.0,3.0,3.0,0.0,44.0,3.0,3.0,0.0,35.0,0.0,13.0,6.0,0.0,0.0,81.0,0.0,35.0,7.0,7.0,0.0,0.0,10.4,6.7,13.1,1.6,75.0,100.0,assente
1655,2019-04-09,6.0,7.0,31.0,0.0,0.0,0.0,3.0,3.0,0.0,14.0,0.0,2.0,0.0,8.0,0.0,8.0,2.0,0.0,0.0,79.0,0.0,8.0,3.0,3.0,1.0,3.0,12.0,7.8,15.1,5.8,79.0,100.0,assente
1659,2019-04-13,1.0,4.0,52.0,0.0,0.0,0.0,18.0,18.0,0.0,18.0,0.0,2.0,0.0,8.0,0.0,41.0,3.0,0.0,0.0,21.0,0.0,8.0,9.0,9.0,0.0,3.0,11.0,9.4,13.2,0.0,62.0,88.0,assente
1663,2019-04-17,0.0,7.0,262.0,0.0,0.0,0.0,18.0,18.0,0.0,58.0,2.0,0.0,0.0,37.0,0.0,70.0,2.0,0.0,0.0,31.0,0.0,37.0,17.0,17.0,0.0,0.0,14.7,7.9,22.4,0.0,31.0,90.0,assente
1664,2019-04-18,3.0,2.0,95.0,0.0,0.0,0.0,29.0,29.0,0.0,35.0,17.0,1.0,0.0,25.0,0.0,70.0,4.0,1.0,0.0,11.0,0.0,25.0,12.0,12.0,0.0,1.0,15.5,9.9,20.7,0.0,35.0,91.0,assente
1667,2019-04-21,0.0,9.0,648.0,1.0,0.0,0.0,100.0,99.0,0.0,138.0,25.0,3.0,0.0,46.0,0.0,140.0,7.0,5.0,0.0,36.0,0.0,46.0,17.0,17.0,0.0,3.0,16.1,9.4,24.0,0.0,32.0,90.0,assente
1668,2019-04-22,0.0,4.0,122.0,0.0,0.0,0.0,11.0,11.0,0.0,16.0,12.0,1.0,0.0,16.0,0.0,51.0,2.0,1.0,0.0,3.0,0.0,16.0,2.0,2.0,0.0,1.0,14.9,10.1,19.3,1.0,60.0,92.0,assente
1670,2019-04-24,2.0,13.0,241.0,0.0,0.0,0.0,1.0,1.0,0.0,7.0,6.0,0.0,0.0,39.0,0.0,16.0,3.0,1.0,0.0,5.0,0.0,39.0,1.0,1.0,0.0,3.0,16.7,13.9,21.7,1.6,66.0,99.0,assente
1671,2019-04-25,0.0,17.0,110.0,0.0,0.0,0.0,0.0,0.0,0.0,3.0,4.0,0.0,0.0,36.0,0.0,174.0,4.0,6.0,0.0,3.0,0.0,36.0,3.0,3.0,0.0,1.0,16.7,13.7,21.2,0.0,65.0,99.0,assente
1678,2019-05-02,2.0,13.0,174.0,0.0,0.0,0.0,7.0,7.0,0.0,13.0,12.0,0.0,0.0,55.0,0.0,255.0,3.0,8.0,0.0,1.0,0.0,55.0,2.0,2.0,0.0,5.0,17.0,10.1,23.9,0.0,43.0,98.0,assente
1682,2019-05-06,2.0,1.0,31.0,0.0,0.0,0.0,1.0,1.0,0.0,15.0,0.0,0.0,0.0,2.0,0.0,10.0,2.0,5.0,0.0,0.0,0.0,2.0,0.0,0.0,0.0,0.0,12.0,7.5,17.4,0.6,39.0,99.0,assente
1702,2019-05-26,0.0,13.0,18.0,0.0,0.0,0.0,0.0,0.0,0.0,0.0,1.0,0.0,0.0,14.0,0.0,29.0,22.0,16.0,4.0,0.0,0.0,14.0,0.0,0.0,0.0,18.0,18.2,14.6,21.7,0.0,57.0,100.0,assente
1704,2019-05-28,0.0,7.0,2.0,0.0,0.0,0.0,0.0,0.0,0.0,0.0,0.0,0.0,0.0,1.0,0.0,29.0,3.0,7.0,0.0,0.0,0.0,1.0,0.0,0.0,0.0,30.0,17.2,14.6,22.2,17.4,63.0,100.0,assente
1708,2019-06-01,0.0,54.0,20.0,0.0,0.0,0.0,0.0,0.0,6.0,2.0,1.0,0.0,0.0,4.0,0.0,94.0,20.0,31.0,2.0,0.0,0.0,4.0,0.0,0.0,0.0,68.0,22.0,13.7,27.7,0.0,37.0,93.0,assente
1709,2019-06-02,0.0,52.0,27.0,0.0,0.0,0.0,0.0,0.0,0.0,3.0,3.0,0.0,0.0,3.0,0.0,109.0,3.0,38.0,1.0,0.0,0.0,3.0,0.0,0.0,0.0,79.0,22.8,15.4,29.2,0.0,39.0,93.0,assente
1710,2019-06-03,0.0,47.0,27.0,0.0,0.0,0.0,2.0,1.0,0.0,0.0,3.0,0.0,0.0,1.0,0.0,64.0,4.0,26.0,2.0,0.0,0.0,1.0,0.0,0.0,0.0,63.0,24.4,19.1,30.3,0.2,47.0,91.0,assente
1711,2019-06-04,0.0,37.0,20.0,2.0,0.0,0.0,4.0,1.0,0.0,1.0,3.0,0.0,0.0,9.0,0.0,70.0,9.0,26.0,2.0,0.0,0.0,8.0,0.0,0.0,0.0,70.0,24.1,18.5,30.1,0.0,53.0,96.0,assente
1712,2019-06-05,0.0,31.0,15.0,3.0,0.0,0.0,5.0,2.0,0.0,0.0,3.0,0.0,0.0,4.0,0.0,22.0,7.0,18.0,4.0,0.0,0.0,4.0,0.0,0.0,0.0,28.0,22.0,18.9,25.9,0.0,65.0,98.0,assente
1713,2019-06-06,0.0,31.0,34.0,1.0,0.0,0.0,1.0,0.0,1.0,0.0,4.0,0.0,0.0,42.0,0.0,52.0,18.0,22.0,5.0,0.0,0.0,42.0,0.0,0.0,0.0,21.0,20.9,17.7,26.8,0.0,61.0,96.0,assente
1714,2019-06-07,0.0,77.0,72.0,0.0,0.0,0.0,1.0,0.0,1.0,0.0,3.0,0.0,0.0,43.0,0.0,52.0,42.0,15.0,4.0,0.0,0.0,43.0,0.0,0.0,0.0,21.0,21.9,18.3,26.9,0.0,48.0,99.0,assente
1715,2019-06-08,0.0,82.0,63.0,0.0,0.0,0.0,0.0,0.0,1.0,0.0,6.0,0.0,6.0,38.0,0.0,55.0,44.0,11.0,4.0,0.0,0.0,32.0,0.0,0.0,0.0,37.0,23.0,16.4,30.3,0.0,38.0,96.0,assente
1716,2019-06-09,0.0,96.0,46.0,0.0,0.0,0.0,0.0,0.0,0.0,0.0,2.0,0.0,0.0,17.0,0.0,69.0,39.0,15.0,14.0,0.0,0.0,17.0,0.0,0.0,0.0,46.0,23.6,18.5,29.6,0.0,45.0,100.0,assente
1717,2019-06-10,0.0,110.0,25.0,1.0,0.0,0.0,1.0,0.0,0.0,0.0,1.0,0.0,1.0,17.0,0.0,45.0,14.0,5.0,13.0,0.0,0.0,15.0,0.0,0.0,0.0,18.0,23.8,18.7,28.7,0.0,48.0,92.0,assente
1718,2019-06-11,0.0,35.0,23.0,0.0,0.0,0.0,0.0,0.0,0.0,0.0,1.0,0.0,0.0,24.0,0.0,37.0,26.0,10.0,19.0,0.0,0.0,24.0,0.0,0.0,0.0,21.0,25.2,19.9,30.1,0.0,44.0,85.0,assente
1719,2019-06-12,0.0,56.0,28.0,0.0,0.0,0.0,0.0,0.0,0.0,0.0,2.0,0.0,0.0,38.0,0.0,41.0,38.0,16.0,15.0,0.0,0.0,38.0,0.0,0.0,0.0,34.0,25.1,20.9,29.9,0.0,52.0,95.0,assente
1720,2019-06-13,0.0,51.0,25.0,0.0,0.0,0.0,0.0,0.0,0.0,0.0,3.0,0.0,32.0,57.0,0.0,41.0,27.0,6.0,8.0,0.0,0.0,25.0,0.0,0.0,0.0,38.0,24.8,19.0,30.3,0.0,24.0,93.0,assente
1721,2019-06-14,0.0,86.0,25.0,2.0,0.0,0.0,2.0,0.0,0.0,0.0,6.0,0.0,11.0,24.0,0.0,52.0,20.0,16.0,24.0,0.0,0.0,13.0,0.0,0.0,0.0,38.0,23.4,16.6,29.9,0.0,31.0,89.0,assente
1722,2019-06-15,0.0,65.0,38.0,0.0,0.0,0.0,0.0,0.0,0.0,0.0,3.0,0.0,22.0,29.0,0.0,37.0,15.0,2.0,19.0,0.0,0.0,7.0,0.0,0.0,0.0,25.0,26.2,18.5,31.8,0.8,49.0,96.0,assente
1723,2019-06-16,0.0,61.0,26.0,1.0,0.0,0.0,1.0,0.0,1.0,0.0,3.0,0.0,53.0,73.0,0.0,44.0,11.0,3.0,16.0,0.0,0.0,20.0,0.0,0.0,0.0,23.0,25.9,19.3,31.9,0.0,34.0,91.0,assente
1724,2019-06-17,0.0,55.0,28.0,0.0,0.0,0.0,0.0,0.0,2.0,0.0,3.0,0.0,17.0,24.0,0.0,34.0,6.0,14.0,14.0,0.0,0.0,7.0,0.0,0.0,0.0,30.0,25.1,19.7,30.0,0.0,44.0,85.0,assente
1725,2019-06-18,0.0,36.0,19.0,0.0,0.0,0.0,0.0,0.0,0.0,0.0,1.0,0.0,7.0,7.0,0.0,27.0,2.0,7.0,16.0,0.0,0.0,0.0,0.0,0.0,0.0,16.0,25.5,19.5,31.3,0.0,43.0,86.0,assente
1727,2019-06-20,0.0,64.0,16.0,0.0,0.0,0.0,0.0,0.0,0.0,0.0,1.0,0.0,27.0,32.0,0.0,37.0,2.0,13.0,16.0,0.0,0.0,5.0,0.0,0.0,0.0,18.0,26.3,20.1,31.9,0.0,28.0,93.0,assente
1728,2019-06-21,0.0,114.0,29.0,0.0,0.0,0.0,0.0,0.0,2.0,0.0,5.0,0.0,23.0,31.0,0.0,50.0,9.0,21.0,31.0,0.0,0.0,8.0,0.0,0.0,0.0,14.0,25.6,20.7,32.1,0.0,48.0,93.0,assente
1729,2019-06-22,0.0,27.0,11.0,1.0,0.0,0.0,1.0,0.0,1.0,0.0,3.0,0.0,21.0,24.0,0.0,29.0,4.0,16.0,18.0,0.0,0.0,3.0,0.0,0.0,0.0,11.0,21.1,17.6,24.0,42.8,66.0,100.0,assente
1732,2019-06-25,0.0,377.0,5.0,0.0,0.0,0.0,0.0,0.0,0.0,0.0,3.0,0.0,11.0,11.0,0.0,32.0,2.0,6.0,17.0,0.0,0.0,0.0,0.0,0.0,0.0,18.0,26.3,19.7,32.1,0.0,49.0,94.0,assente
1737,2019-07-04,0.0,154.0,9.0,0.0,0.0,0.0,0.0,0.0,1.0,0.0,2.0,0.0,10.0,10.0,0.0,10.0,10.0,3.0,11.0,0.0,0.0,0.0,0.0,0.0,0.0,14.0,25.0,20.0,30.3,0.0,45.0,90.0,assente
1744,2019-07-11,0.0,87.0,6.0,0.0,0.0,0.0,0.0,0.0,1.0,0.0,0.0,0.0,2.0,2.0,0.0,11.0,4.0,3.0,7.0,0.0,0.0,0.0,0.0,0.0,0.0,17.0,22.5,18.6,26.0,0.0,46.0,77.0,assente
1785,2019-08-21,0.0,227.0,43.0,0.0,2.0,5.0,0.0,0.0,8.0,0.0,0.0,0.0,0.0,0.0,0.0,6.0,2.0,0.0,4.0,0.0,0.0,0.0,0.0,0.0,0.0,53.0,25.6,20.4,31.9,0.0,42.0,95.0,basso
