hue__tmp_padova_alternaria.id,hue__tmp_padova_alternaria.data,hue__tmp_padova_alternaria.aceraceae,hue__tmp_padova_alternaria.alternaria,hue__tmp_padova_alternaria.altripollini,hue__tmp_padova_alternaria.alnus,hue__tmp_padova_alternaria.ambrosia,hue__tmp_padova_alternaria.artemisia,hue__tmp_padova_alternaria.betulaceae,hue__tmp_padova_alternaria.betula,hue__tmp_padova_alternaria.compositae,hue__tmp_padova_alternaria.corylaceae,hue__tmp_padova_alternaria.cupressaceaetaxaceae,hue__tmp_padova_alternaria.carpinus,hue__tmp_padova_alternaria.castaneasativa,hue__tmp_padova_alternaria.fagaceae,hue__tmp_padova_alternaria.fagussylvatica,hue__tmp_padova_alternaria.gramineae,hue__tmp_padova_alternaria.oleaceae,hue__tmp_padova_alternaria.pinaceae,hue__tmp_padova_alternaria.plantaginaceae,hue__tmp_padova_alternaria.platanaceae,hue__tmp_padova_alternaria.populus,hue__tmp_padova_alternaria.quercus,hue__tmp_padova_alternaria.salicaceae,hue__tmp_padova_alternaria.salix,hue__tmp_padova_alternaria.ulmaceae,hue__tmp_padova_alternaria.urticaceae,hue__tmp_padova_alternaria.tmed,hue__tmp_padova_alternaria.tmin,hue__tmp_padova_alternaria.tmax,hue__tmp_padova_alternaria.precipitazione,hue__tmp_padova_alternaria.umin,hue__tmp_padova_alternaria.umax,hue__tmp_padova_alternaria.classalternaria
150,2014-06-28,0.0,180.0,5.0,1.0,0.0,0.0,1.0,0.0,3.0,0.0,1.0,0.0,0.0,0.0,0.0,15.0,0.0,1.0,10.0,0.0,0.0,0.0,0.0,0.0,0.0,24.0,23.8,19.2,28.0,0.0,45.0,97.0,alto
189,2014-08-06,0.0,25.0,1.0,0.0,8.0,3.0,0.0,0.0,11.0,0.0,0.0,0.0,0.0,0.0,0.0,2.0,0.0,0.0,2.0,0.0,0.0,0.0,0.0,0.0,0.0,42.0,23.2,17.6,28.9,0.0,39.0,94.0,medio
191,2014-08-08,0.0,85.0,11.0,0.0,2.0,2.0,0.0,0.0,4.0,0.0,0.0,0.0,0.0,0.0,0.0,13.0,0.0,1.0,2.0,0.0,0.0,0.0,0.0,0.0,0.0,90.0,23.9,19.1,29.1,0.0,44.0,85.0,medio
192,2014-08-13,0.0,60.0,25.0,0.0,2.0,4.0,0.0,0.0,6.0,0.0,0.0,0.0,0.0,1.0,1.0,5.0,0.0,0.0,2.0,0.0,0.0,0.0,0.0,0.0,0.0,62.0,22.7,19.0,28.5,10.2,62.0,100.0,medio
193,2014-08-14,0.0,58.0,27.0,0.0,1.0,3.0,0.0,0.0,4.0,0.0,0.0,0.0,0.0,0.0,0.0,3.0,0.0,0.0,1.0,0.0,0.0,0.0,0.0,0.0,0.0,78.0,21.6,17.9,28.0,1.0,47.0,100.0,medio
194,2014-08-15,0.0,32.0,24.0,0.0,1.0,3.0,0.0,0.0,4.0,0.0,0.0,0.0,0.0,0.0,0.0,2.0,0.0,0.0,0.0,0.0,0.0,0.0,0.0,0.0,0.0,41.0,20.9,18.1,24.8,0.0,48.0,88.0,medio
195,2014-08-16,0.0,28.0,25.0,0.0,1.0,3.0,0.0,0.0,4.0,0.0,0.0,0.0,0.0,0.0,0.0,0.0,0.0,0.0,0.0,0.0,0.0,0.0,0.0,0.0,0.0,69.0,17.9,15.5,20.6,1.2,55.0,95.0,medio
197,2014-08-18,0.0,68.0,5.0,0.0,0.0,5.0,0.0,0.0,5.0,0.0,0.0,0.0,0.0,0.0,0.0,2.0,0.0,0.0,0.0,0.0,0.0,0.0,0.0,0.0,0.0,76.0,21.5,15.9,27.1,0.0,44.0,92.0,medio
200,2014-08-21,0.0,10.0,16.0,0.0,1.0,5.0,0.0,0.0,6.0,0.0,0.0,0.0,0.0,0.0,0.0,2.0,0.0,0.0,0.0,0.0,0.0,0.0,0.0,0.0,0.0,72.0,20.1,16.3,25.4,13.8,53.0,100.0,basso
201,2014-08-22,0.0,27.0,25.0,0.0,3.0,6.0,0.0,0.0,9.0,0.0,0.0,0.0,0.0,1.0,1.0,3.0,0.0,0.0,2.0,0.0,0.0,0.0,0.0,0.0,0.0,97.0,21.4,17.5,26.7,0.0,53.0,94.0,medio
202,2014-08-23,0.0,24.0,6.0,0.0,2.0,1.0,0.0,0.0,3.0,0.0,0.0,0.0,0.0,0.0,0.0,1.0,0.0,0.0,0.0,0.0,0.0,0.0,0.0,0.0,0.0,29.0,18.3,15.7,20.4,5.4,82.0,100.0,medio
203,2014-08-24,0.0,56.0,25.0,0.0,1.0,1.0,0.0,0.0,2.0,0.0,0.0,0.0,0.0,1.0,1.0,3.0,0.0,0.0,4.0,0.0,0.0,0.0,0.0,0.0,0.0,155.0,19.2,15.2,24.7,0.0,60.0,100.0,medio
204,2014-08-25,0.0,80.0,17.0,0.0,8.0,2.0,0.0,0.0,10.0,0.0,0.0,0.0,0.0,1.0,1.0,3.0,0.0,0.0,2.0,0.0,0.0,0.0,0.0,0.0,0.0,148.0,19.8,16.5,23.6,0.0,44.0,81.0,medio
206,2014-08-27,0.0,32.0,10.0,0.0,5.0,4.0,0.0,0.0,9.0,0.0,0.0,0.0,0.0,0.0,0.0,0.0,0.0,0.0,0.0,0.0,0.0,0.0,0.0,0.0,0.0,94.0,21.2,17.3,26.3,0.0,62.0,100.0,medio
207,2014-08-28,0.0,66.0,15.0,0.0,6.0,0.0,0.0,0.0,6.0,0.0,0.0,0.0,0.0,0.0,0.0,5.0,0.0,1.0,3.0,0.0,0.0,0.0,0.0,0.0,0.0,164.0,21.3,18.6,25.5,0.0,39.0,100.0,medio
208,2014-08-29,0.0,38.0,6.0,0.0,5.0,3.0,0.0,0.0,8.0,0.0,0.0,0.0,0.0,0.0,0.0,3.0,0.0,0.0,3.0,0.0,0.0,0.0,0.0,0.0,0.0,85.0,22.1,16.4,29.1,0.0,36.0,90.0,medio
209,2014-08-30,0.0,64.0,6.0,0.0,7.0,3.0,0.0,0.0,10.0,0.0,0.0,0.0,0.0,0.0,0.0,2.0,0.0,0.0,3.0,0.0,0.0,0.0,0.0,0.0,0.0,192.0,23.1,18.3,29.3,0.0,43.0,98.0,medio
210,2014-08-31,0.0,107.0,7.0,0.0,7.0,0.0,0.0,0.0,7.0,0.0,0.0,0.0,0.0,0.0,0.0,3.0,0.0,0.0,3.0,0.0,0.0,0.0,0.0,0.0,0.0,112.0,22.4,16.1,27.1,20.8,48.0,100.0,alto
212,2014-09-02,0.0,55.0,13.0,0.0,2.0,0.0,0.0,0.0,2.0,0.0,0.0,0.0,0.0,0.0,0.0,2.0,0.0,0.0,0.0,0.0,0.0,0.0,0.0,0.0,0.0,76.0,18.8,16.0,22.4,0.4,49.0,88.0,medio
213,2014-09-03,0.0,31.0,8.0,0.0,13.0,0.0,0.0,0.0,13.0,0.0,0.0,0.0,0.0,1.0,1.0,5.0,0.0,0.0,1.0,0.0,0.0,0.0,0.0,0.0,0.0,132.0,19.4,15.2,24.8,6.0,57.0,100.0,medio
214,2014-09-04,0.0,63.0,4.0,0.0,13.0,0.0,0.0,0.0,13.0,0.0,0.0,0.0,0.0,0.0,0.0,2.0,0.0,0.0,0.0,0.0,0.0,0.0,0.0,0.0,0.0,250.0,20.9,18.9,24.4,0.2,64.0,94.0,medio
215,2014-09-05,0.0,72.0,9.0,0.0,56.0,1.0,0.0,0.0,57.0,0.0,0.0,0.0,0.0,0.0,0.0,4.0,0.0,0.0,0.0,0.0,0.0,0.0,0.0,0.0,0.0,169.0,22.0,18.7,27.0,3.8,49.0,100.0,medio
216,2014-09-06,0.0,93.0,3.0,0.0,24.0,1.0,0.0,0.0,25.0,0.0,0.0,0.0,0.0,0.0,0.0,2.0,0.0,0.0,0.0,0.0,0.0,0.0,0.0,0.0,0.0,134.0,21.5,17.3,27.2,0.0,49.0,100.0,medio
217,2014-09-07,0.0,63.0,5.0,0.0,6.0,0.0,0.0,0.0,6.0,0.0,0.0,0.0,0.0,0.0,0.0,2.0,0.0,0.0,0.0,0.0,0.0,0.0,0.0,0.0,0.0,166.0,21.6,18.8,25.5,0.0,48.0,90.0,medio
218,2014-09-08,0.0,129.0,1.0,0.0,2.0,2.0,0.0,0.0,4.0,0.0,0.0,0.0,0.0,0.0,0.0,10.0,0.0,0.0,1.0,0.0,0.0,0.0,0.0,0.0,0.0,142.0,21.8,17.3,27.9,0.0,49.0,100.0,alto
221,2014-09-11,0.0,19.0,3.0,0.0,3.0,0.0,0.0,0.0,3.0,0.0,0.0,0.0,0.0,0.0,0.0,1.0,0.0,0.0,0.0,0.0,0.0,0.0,0.0,0.0,0.0,45.0,18.7,16.2,22.7,2.4,51.0,100.0,medio
225,2014-09-15,0.0,315.0,5.0,0.0,2.0,1.0,0.0,0.0,3.0,0.0,0.0,0.0,0.0,1.0,1.0,13.0,0.0,0.0,0.0,0.0,0.0,0.0,0.0,0.0,0.0,101.0,19.5,15.6,24.4,0.0,56.0,98.0,alto
226,2014-09-16,0.0,169.0,0.0,0.0,3.0,0.0,0.0,0.0,3.0,0.0,0.0,0.0,0.0,0.0,0.0,12.0,0.0,0.0,2.0,0.0,0.0,0.0,0.0,0.0,0.0,51.0,20.0,16.2,25.2,0.0,50.0,100.0,alto
227,2014-09-17,0.0,213.0,1.0,0.0,6.0,1.0,0.0,0.0,7.0,0.0,0.0,0.0,0.0,0.0,0.0,4.0,0.0,0.0,0.0,0.0,0.0,0.0,0.0,0.0,0.0,43.0,19.8,16.8,24.1,0.0,49.0,91.0,alto
229,2014-09-19,0.0,133.0,4.0,0.0,1.0,4.0,0.0,0.0,5.0,0.0,11.0,0.0,0.0,0.0,0.0,3.0,0.0,0.0,0.0,0.0,0.0,0.0,0.0,0.0,0.0,56.0,19.6,17.5,22.6,14.8,71.0,100.0,alto
231,2014-09-21,0.0,100.0,7.0,0.0,0.0,5.0,0.0,0.0,5.0,0.0,0.0,0.0,0.0,0.0,0.0,0.0,0.0,0.0,0.0,0.0,0.0,0.0,0.0,0.0,0.0,74.0,20.2,17.3,24.0,0.0,71.0,100.0,medio
232,2014-09-22,0.0,337.0,2.0,0.0,0.0,5.0,0.0,0.0,5.0,0.0,0.0,0.0,0.0,0.0,0.0,0.0,0.0,3.0,0.0,0.0,0.0,0.0,0.0,0.0,0.0,89.0,19.8,13.4,24.5,8.8,63.0,100.0,alto
233,2014-09-23,0.0,66.0,2.0,0.0,1.0,0.0,0.0,0.0,2.0,0.0,0.0,0.0,0.0,0.0,0.0,1.0,0.0,1.0,0.0,0.0,0.0,0.0,0.0,0.0,0.0,27.0,16.4,12.0,22.9,0.0,39.0,100.0,medio
237,2014-09-27,0.0,306.0,3.0,0.0,0.0,3.0,0.0,0.0,3.0,0.0,0.0,0.0,0.0,0.0,0.0,3.0,0.0,3.0,0.0,0.0,0.0,0.0,0.0,0.0,0.0,41.0,17.6,13.5,23.5,0.0,57.0,100.0,alto
240,2014-09-30,0.0,301.0,2.0,0.0,1.0,1.0,0.0,0.0,2.0,0.0,0.0,0.0,0.0,0.0,0.0,1.0,0.0,1.0,0.0,0.0,0.0,0.0,0.0,0.0,0.0,20.0,18.6,14.4,23.0,0.0,62.0,100.0,alto
247,2014-10-07,0.0,184.0,3.0,0.0,0.0,2.0,0.0,0.0,2.0,0.0,0.0,0.0,0.0,0.0,0.0,1.0,0.0,0.0,0.0,0.0,0.0,0.0,0.0,0.0,0.0,22.0,16.6,11.5,20.8,0.2,59.0,100.0,alto
250,2014-10-10,0.0,104.0,2.0,0.0,0.0,2.0,0.0,0.0,2.0,0.0,1.0,0.0,0.0,0.0,0.0,0.0,0.0,0.0,0.0,0.0,0.0,0.0,0.0,0.0,0.0,13.0,20.2,18.2,23.3,0.0,78.0,100.0,alto
262,2014-10-22,0.0,81.0,1.0,0.0,0.0,4.0,0.0,0.0,4.0,0.0,1.0,0.0,0.0,0.0,0.0,0.0,0.0,1.0,0.0,0.0,0.0,0.0,0.0,0.0,0.0,0.0,15.4,11.6,18.4,0.6,19.0,100.0,medio
480,2015-07-15,0.0,126.0,16.0,0.0,2.0,0.0,0.0,0.0,2.0,0.0,0.0,0.0,3.0,3.0,0.0,27.0,0.0,0.0,13.0,0.0,0.0,0.0,0.0,0.0,0.0,12.0,28.3,23.5,33.0,0.0,45.0,83.0,alto
491,2015-07-28,0.0,47.0,7.0,0.0,1.0,0.0,0.0,0.0,2.0,0.0,2.0,0.0,6.0,7.0,0.0,4.0,0.0,1.0,2.0,0.0,0.0,1.0,0.0,0.0,0.0,1.0,25.8,21.8,30.0,0.0,51.0,84.0,medio
500,2015-08-06,0.0,226.0,0.0,0.0,2.0,1.0,0.0,0.0,3.0,0.0,0.0,0.0,0.0,0.0,0.0,4.0,0.0,0.0,2.0,0.0,0.0,0.0,0.0,0.0,0.0,59.0,29.1,22.9,35.0,0.0,30.0,76.0,alto
501,2015-08-07,0.0,295.0,11.0,0.0,2.0,0.0,0.0,0.0,2.0,0.0,0.0,0.0,1.0,1.0,0.0,0.0,0.0,0.0,11.0,0.0,0.0,0.0,0.0,0.0,0.0,59.0,29.8,25.1,35.0,0.0,32.0,68.0,alto
502,2015-08-08,0.0,322.0,4.0,0.0,5.0,1.0,0.0,0.0,6.0,0.0,0.0,0.0,0.0,0.0,0.0,1.0,0.0,0.0,11.0,0.0,0.0,0.0,0.0,0.0,0.0,77.0,29.9,26.0,35.3,0.0,33.0,67.0,alto
503,2015-08-09,0.0,183.0,14.0,0.0,7.0,2.0,0.0,0.0,9.0,0.0,0.0,0.0,1.0,1.0,0.0,2.0,0.0,0.0,8.0,0.0,0.0,0.0,0.0,0.0,0.0,57.0,29.0,23.9,34.9,0.0,32.0,65.0,alto
504,2015-08-10,0.0,404.0,18.0,0.0,11.0,3.0,0.0,0.0,15.0,0.0,0.0,0.0,0.0,0.0,0.0,8.0,0.0,0.0,6.0,0.0,0.0,0.0,0.0,0.0,0.0,58.0,27.1,22.1,33.5,0.0,26.0,73.0,alto
505,2015-08-11,0.0,151.0,10.0,0.0,7.0,0.0,0.0,0.0,7.0,0.0,1.0,0.0,0.0,0.0,0.0,2.0,0.0,0.0,0.0,0.0,0.0,0.0,0.0,0.0,0.0,46.0,27.0,20.4,33.3,0.0,30.0,78.0,alto
506,2015-08-12,0.0,98.0,18.0,0.0,9.0,4.0,0.0,0.0,13.0,0.0,0.0,0.0,0.0,0.0,0.0,4.0,0.0,0.0,4.0,0.0,0.0,0.0,0.0,0.0,0.0,63.0,28.6,22.5,35.5,0.0,22.0,64.0,medio
507,2015-08-13,0.0,121.0,20.0,0.0,15.0,3.0,0.0,0.0,18.0,0.0,0.0,0.0,0.0,0.0,0.0,1.0,0.0,0.0,5.0,0.0,0.0,0.0,0.0,0.0,0.0,42.0,28.9,22.3,35.9,0.0,24.0,61.0,alto
508,2015-08-14,0.0,168.0,17.0,0.0,5.0,8.0,0.0,0.0,13.0,0.0,0.0,0.0,0.0,0.0,0.0,4.0,0.0,0.0,5.0,0.0,0.0,0.0,0.0,0.0,0.0,37.0,28.6,23.2,34.4,0.0,27.0,71.0,alto
509,2015-08-15,0.0,255.0,27.0,0.0,5.0,0.0,0.0,0.0,6.0,0.0,0.0,0.0,0.0,0.0,0.0,3.0,0.0,0.0,0.0,0.0,0.0,0.0,0.0,0.0,0.0,37.0,25.0,19.7,30.1,2.2,44.0,92.0,alto
510,2015-08-16,0.0,143.0,12.0,0.0,2.0,1.0,0.0,0.0,3.0,0.0,0.0,0.0,1.0,1.0,0.0,3.0,0.0,0.0,0.0,0.0,0.0,0.0,0.0,0.0,0.0,18.0,21.9,20.1,24.3,0.2,61.0,90.0,alto
511,2015-08-17,0.0,111.0,19.0,0.0,3.0,0.0,0.0,0.0,3.0,0.0,0.0,0.0,0.0,0.0,0.0,0.0,0.0,0.0,0.0,0.0,0.0,0.0,0.0,0.0,0.0,23.0,22.9,19.8,27.7,0.2,52.0,86.0,alto
512,2015-08-18,0.0,158.0,53.0,0.0,0.0,6.0,0.0,0.0,6.0,0.0,0.0,0.0,0.0,0.0,0.0,4.0,0.0,0.0,0.0,0.0,0.0,0.0,0.0,0.0,0.0,36.0,23.6,19.3,29.5,0.0,40.0,89.0,alto
514,2015-08-20,0.0,247.0,67.0,0.0,1.0,4.0,0.0,0.0,5.0,0.0,0.0,0.0,0.0,0.0,0.0,0.0,0.0,0.0,1.0,0.0,0.0,0.0,0.0,0.0,0.0,63.0,22.3,16.7,29.0,7.2,36.0,96.0,alto
515,2015-08-21,0.0,130.0,15.0,0.0,1.0,2.0,0.0,0.0,3.0,0.0,0.0,0.0,0.0,0.0,0.0,2.0,0.0,0.0,3.0,0.0,0.0,0.0,0.0,0.0,0.0,11.0,20.8,16.9,26.4,1.0,43.0,97.0,alto
516,2015-08-22,0.0,143.0,17.0,0.0,1.0,3.0,0.0,0.0,4.0,0.0,0.0,0.0,0.0,0.0,0.0,1.0,0.0,0.0,0.0,0.0,0.0,0.0,0.0,0.0,0.0,25.0,21.2,16.1,26.7,0.2,40.0,85.0,alto
517,2015-08-23,0.0,116.0,18.0,0.0,0.0,3.0,0.0,0.0,3.0,0.0,0.0,0.0,0.0,0.0,0.0,0.0,0.0,0.0,1.0,0.0,0.0,0.0,0.0,0.0,0.0,35.0,21.9,16.3,25.5,0.0,45.0,79.0,alto
518,2015-08-24,0.0,133.0,21.0,0.0,2.0,3.0,0.0,0.0,5.0,0.0,0.0,0.0,0.0,0.0,0.0,0.0,0.0,0.0,0.0,0.0,0.0,0.0,0.0,0.0,0.0,20.0,20.3,18.1,22.2,4.4,70.0,95.0,alto
520,2015-08-26,0.0,241.0,27.0,0.0,11.0,4.0,0.0,0.0,15.0,0.0,0.0,0.0,0.0,0.0,0.0,1.0,0.0,0.0,4.0,0.0,0.0,0.0,0.0,0.0,0.0,65.0,23.5,19.5,29.0,0.0,45.0,81.0,alto
522,2015-08-28,0.0,978.0,23.0,0.0,2.0,2.0,0.0,0.0,4.0,0.0,0.0,0.0,0.0,0.0,0.0,2.0,0.0,1.0,2.0,0.0,0.0,0.0,0.0,0.0,0.0,148.0,24.9,19.6,31.5,0.0,41.0,92.0,alto
524,2015-08-30,0.0,1028.0,18.0,0.0,2.0,1.0,0.0,0.0,3.0,0.0,0.0,0.0,0.0,0.0,0.0,5.0,0.0,0.0,2.0,0.0,0.0,0.0,0.0,0.0,0.0,195.0,26.8,20.9,34.0,0.0,34.0,84.0,alto
525,2015-08-31,0.0,1188.0,14.0,0.0,5.0,0.0,0.0,0.0,5.0,0.0,0.0,0.0,0.0,0.0,0.0,4.0,0.0,0.0,0.0,0.0,0.0,0.0,0.0,0.0,0.0,187.0,25.7,21.0,31.7,0.0,56.0,92.0,alto
526,2015-09-01,0.0,720.0,12.0,0.0,4.0,0.0,0.0,0.0,4.0,0.0,0.0,0.0,0.0,0.0,0.0,7.0,0.0,0.0,0.0,0.0,0.0,0.0,0.0,0.0,0.0,153.0,26.1,22.2,32.2,0.0,30.0,98.0,alto
527,2015-09-02,0.0,1184.0,9.0,0.0,2.0,0.0,0.0,0.0,2.0,0.0,0.0,0.0,0.0,0.0,0.0,6.0,0.0,0.0,0.0,0.0,0.0,0.0,0.0,0.0,0.0,96.0,23.9,20.2,29.4,0.0,43.0,94.0,alto
528,2015-09-03,0.0,618.0,14.0,0.0,5.0,0.0,0.0,0.0,5.0,0.0,0.0,0.0,0.0,0.0,0.0,6.0,0.0,0.0,3.0,0.0,0.0,0.0,0.0,0.0,0.0,64.0,24.3,20.4,28.9,0.0,31.0,82.0,alto
529,2015-09-04,0.0,588.0,10.0,0.0,8.0,0.0,0.0,0.0,8.0,0.0,0.0,0.0,2.0,2.0,0.0,13.0,0.0,0.0,3.0,0.0,0.0,0.0,0.0,0.0,0.0,70.0,23.5,18.8,29.3,0.0,36.0,81.0,alto
530,2015-09-05,0.0,340.0,6.0,0.0,3.0,0.0,0.0,0.0,3.0,0.0,0.0,0.0,0.0,0.0,0.0,4.0,0.0,0.0,0.0,0.0,0.0,0.0,0.0,0.0,0.0,83.0,19.9,15.9,25.6,3.6,48.0,93.0,alto
531,2015-09-06,0.0,104.0,2.0,0.0,2.0,1.0,0.0,0.0,3.0,0.0,0.0,0.0,0.0,0.0,0.0,1.0,0.0,0.0,0.0,0.0,0.0,0.0,0.0,0.0,0.0,87.0,18.6,13.5,24.6,0.0,32.0,87.0,alto
532,2015-09-07,0.0,189.0,7.0,0.0,5.0,0.0,0.0,0.0,5.0,0.0,0.0,0.0,0.0,0.0,0.0,5.0,0.0,0.0,1.0,0.0,0.0,0.0,0.0,0.0,0.0,53.0,19.0,15.8,23.4,0.0,37.0,74.0,alto
533,2015-09-08,0.0,201.0,2.0,0.0,3.0,0.0,0.0,0.0,3.0,0.0,0.0,0.0,0.0,0.0,0.0,4.0,0.0,0.0,2.0,0.0,0.0,0.0,0.0,0.0,0.0,43.0,18.7,14.1,23.9,0.0,40.0,74.0,alto
534,2015-09-09,0.0,161.0,5.0,0.0,7.0,0.0,0.0,0.0,7.0,0.0,0.0,0.0,0.0,0.0,0.0,4.0,0.0,0.0,2.0,0.0,0.0,0.0,0.0,0.0,0.0,40.0,18.9,15.1,23.2,0.0,37.0,75.0,alto
535,2015-09-10,0.0,325.0,10.0,0.0,31.0,0.0,0.0,0.0,31.0,0.0,0.0,0.0,0.0,0.0,0.0,2.0,0.0,0.0,1.0,0.0,0.0,0.0,0.0,0.0,0.0,66.0,19.5,16.8,23.4,0.0,31.0,58.0,alto
536,2015-09-11,0.0,300.0,9.0,0.0,22.0,0.0,0.0,0.0,22.0,0.0,0.0,0.0,0.0,0.0,0.0,6.0,0.0,1.0,0.0,0.0,0.0,0.0,0.0,0.0,0.0,39.0,18.9,14.9,23.6,0.0,37.0,79.0,alto
537,2015-09-12,0.0,329.0,1.0,0.0,6.0,0.0,0.0,0.0,6.0,0.0,0.0,0.0,0.0,0.0,0.0,6.0,0.0,0.0,1.0,0.0,0.0,0.0,0.0,0.0,0.0,29.0,19.7,14.0,25.6,0.0,48.0,89.0,alto
540,2015-09-15,0.0,181.0,7.0,0.0,2.0,0.0,0.0,0.0,2.0,0.0,0.0,0.0,0.0,0.0,0.0,18.0,0.0,0.0,0.0,0.0,0.0,0.0,0.0,0.0,0.0,68.0,22.0,18.8,27.2,0.0,45.0,95.0,alto
541,2015-09-16,0.0,484.0,13.0,0.0,6.0,2.0,0.0,0.0,8.0,0.0,0.0,0.0,0.0,0.0,0.0,11.0,0.0,0.0,1.0,0.0,0.0,0.0,0.0,0.0,0.0,90.0,22.7,18.4,27.3,0.0,66.0,89.0,alto
542,2015-09-17,0.0,294.0,10.0,0.0,5.0,3.0,0.0,0.0,8.0,0.0,0.0,0.0,0.0,0.0,0.0,18.0,0.0,1.0,0.0,0.0,0.0,0.0,0.0,0.0,0.0,87.0,23.4,20.0,28.0,0.0,52.0,97.0,alto
544,2015-09-19,0.0,397.0,13.0,0.0,7.0,0.0,0.0,0.0,7.0,0.0,0.0,0.0,0.0,0.0,0.0,12.0,0.0,0.0,0.0,0.0,0.0,0.0,0.0,0.0,0.0,57.0,20.6,15.6,27.2,0.0,41.0,80.0,alto
545,2015-09-20,0.0,285.0,6.0,0.0,2.0,1.0,0.0,0.0,3.0,0.0,0.0,0.0,0.0,0.0,0.0,14.0,0.0,0.0,0.0,0.0,0.0,0.0,0.0,0.0,0.0,35.0,21.3,18.2,26.2,0.0,39.0,77.0,alto
546,2015-09-21,0.0,246.0,4.0,0.0,3.0,0.0,0.0,0.0,3.0,0.0,0.0,0.0,0.0,0.0,0.0,7.0,0.0,0.0,0.0,0.0,0.0,0.0,0.0,0.0,0.0,28.0,20.0,16.9,23.9,0.0,35.0,66.0,alto
547,2015-09-22,0.0,490.0,6.0,0.0,7.0,4.0,0.0,0.0,11.0,0.0,0.0,0.0,0.0,0.0,0.0,4.0,0.0,0.0,1.0,0.0,0.0,0.0,0.0,0.0,0.0,24.0,18.6,14.3,22.5,0.0,38.0,71.0,alto
550,2015-09-25,0.0,114.0,2.0,0.0,0.0,5.0,0.0,0.0,5.0,0.0,0.0,0.0,0.0,0.0,0.0,0.0,0.0,0.0,0.0,0.0,0.0,0.0,0.0,0.0,0.0,24.0,17.9,15.3,20.6,0.0,59.0,85.0,alto
551,2015-09-26,0.0,171.0,2.0,0.0,1.0,4.0,0.0,0.0,5.0,0.0,0.0,0.0,0.0,0.0,0.0,2.0,0.0,0.0,0.0,0.0,0.0,0.0,0.0,0.0,0.0,28.0,18.5,16.1,21.0,0.0,68.0,90.0,alto
552,2015-09-27,0.0,217.0,1.0,0.0,1.0,0.0,0.0,0.0,2.0,0.0,0.0,0.0,0.0,0.0,0.0,5.0,0.0,1.0,0.0,0.0,0.0,0.0,0.0,0.0,0.0,20.0,17.8,15.3,20.1,0.0,46.0,80.0,alto
554,2015-09-29,0.0,99.0,5.0,0.0,1.0,1.0,0.0,0.0,2.0,0.0,0.0,0.0,0.0,0.0,0.0,2.0,0.0,1.0,0.0,0.0,0.0,0.0,0.0,0.0,0.0,6.0,15.5,12.5,18.8,0.0,33.0,62.0,medio
555,2015-09-30,0.0,162.0,8.0,0.0,3.0,1.0,0.0,0.0,4.0,0.0,0.0,0.0,0.0,0.0,0.0,7.0,0.0,0.0,0.0,0.0,0.0,0.0,0.0,0.0,0.0,8.0,15.2,12.5,18.6,0.0,33.0,60.0,alto
556,2015-10-01,0.0,318.0,8.0,0.0,3.0,2.0,0.0,0.0,6.0,0.0,0.0,0.0,0.0,0.0,0.0,7.0,0.0,5.0,0.0,0.0,0.0,0.0,0.0,0.0,0.0,16.0,15.2,12.6,17.7,0.0,45.0,59.0,alto
561,2015-10-06,0.0,77.0,1.0,0.0,0.0,1.0,0.0,0.0,2.0,0.0,0.0,0.0,0.0,0.0,0.0,1.0,0.0,0.0,0.0,0.0,0.0,0.0,0.0,0.0,0.0,21.0,16.3,15.1,17.7,2.0,75.0,96.0,medio
562,2015-10-07,0.0,59.0,2.0,0.0,0.0,2.0,0.0,0.0,2.0,0.0,0.0,0.0,0.0,0.0,0.0,0.0,0.0,0.0,0.0,0.0,0.0,0.0,0.0,0.0,0.0,20.0,17.4,14.6,21.2,4.8,70.0,98.0,medio
563,2015-10-08,0.0,81.0,9.0,0.0,0.0,3.0,0.0,0.0,3.0,0.0,0.0,0.0,0.0,0.0,0.0,1.0,0.0,2.0,0.0,0.0,0.0,0.0,0.0,0.0,0.0,16.0,18.1,15.3,22.6,0.6,51.0,95.0,medio
564,2015-10-09,0.0,140.0,3.0,0.0,0.0,2.0,0.0,0.0,2.0,0.0,0.0,0.0,0.0,0.0,0.0,2.0,0.0,2.0,0.0,0.0,0.0,0.0,0.0,0.0,0.0,21.0,17.2,15.3,20.5,0.0,56.0,88.0,alto
583,2015-10-28,0.0,24.0,0.0,0.0,2.0,0.0,0.0,0.0,2.0,0.0,0.0,0.0,0.0,0.0,0.0,0.0,0.0,0.0,0.0,0.0,0.0,0.0,0.0,0.0,0.0,1.0,12.3,11.8,13.4,3.8,81.0,97.0,medio
586,2015-10-31,0.0,72.0,2.0,0.0,0.0,1.0,0.0,0.0,2.0,0.0,0.0,0.0,0.0,0.0,0.0,0.0,0.0,0.0,0.0,0.0,0.0,0.0,0.0,0.0,0.0,1.0,13.1,9.0,17.7,0.0,40.0,78.0,medio
721,2016-05-02,1.0,27.0,35.0,0.0,0.0,0.0,13.0,13.0,2.0,65.0,7.0,65.0,0.0,30.0,13.0,56.0,18.0,5.0,0.0,0.0,0.0,18.0,2.0,2.0,0.0,21.0,14.4,11.7,18.6,4.4,56.0,95.0,medio
773,2016-06-23,0.0,280.0,11.0,13.0,0.0,0.0,13.0,0.0,3.0,0.0,4.0,0.0,22.0,22.0,0.0,36.0,0.0,3.0,18.0,0.0,0.0,0.0,0.0,0.0,0.0,104.0,27.2,21.4,33.0,0.0,45.0,83.0,alto
774,2016-06-24,0.0,325.0,9.0,0.0,0.0,0.0,0.0,0.0,5.0,0.0,1.0,0.0,35.0,35.0,0.0,35.0,0.0,0.0,12.0,0.0,0.0,0.0,0.0,0.0,0.0,98.0,28.5,22.6,33.9,0.0,46.0,84.0,alto
775,2016-06-25,0.0,382.0,18.0,0.0,0.0,0.0,0.0,0.0,2.0,0.0,2.0,0.0,41.0,41.0,0.0,24.0,0.0,0.0,8.0,0.0,0.0,0.0,0.0,0.0,0.0,103.0,28.1,23.4,33.8,0.0,51.0,87.0,alto
778,2016-06-28,0.0,71.0,6.0,0.0,0.0,0.0,0.0,0.0,2.0,0.0,2.0,0.0,18.0,18.0,0.0,14.0,0.0,0.0,6.0,0.0,0.0,0.0,0.0,0.0,0.0,19.0,23.4,17.9,28.5,0.0,35.0,85.0,medio
811,2016-07-31,0.0,186.0,0.0,0.0,4.0,0.0,0.0,0.0,6.0,0.0,1.0,0.0,2.0,2.0,0.0,13.0,0.0,5.0,5.0,0.0,0.0,0.0,0.0,0.0,0.0,8.0,25.7,22.4,30.0,0.4,52.0,80.0,alto
812,2016-08-01,0.0,44.0,9.0,0.0,2.0,0.0,0.0,0.0,2.0,0.0,0.0,0.0,0.0,0.0,0.0,5.0,0.0,0.0,6.0,0.0,0.0,0.0,0.0,0.0,0.0,34.0,23.9,20.5,27.1,1.2,49.0,96.0,medio
814,2016-08-03,0.0,299.0,7.0,0.0,2.0,0.0,0.0,0.0,2.0,0.0,0.0,0.0,0.0,0.0,0.0,6.0,0.0,0.0,2.0,0.0,0.0,0.0,0.0,0.0,0.0,43.0,25.3,20.0,31.2,0.0,48.0,83.0,alto
815,2016-08-04,0.0,398.0,4.0,0.0,1.0,0.0,0.0,0.0,2.0,0.0,0.0,0.0,0.0,0.0,0.0,6.0,0.0,0.0,1.0,0.0,0.0,0.0,0.0,0.0,0.0,64.0,26.6,21.4,32.0,0.0,46.0,85.0,alto
818,2016-08-07,0.0,69.0,12.0,0.0,2.0,0.0,0.0,0.0,2.0,0.0,0.0,0.0,0.0,0.0,0.0,2.0,0.0,1.0,4.0,0.0,0.0,0.0,0.0,0.0,0.0,73.0,24.7,18.9,29.4,0.0,33.0,77.0,medio
819,2016-08-08,0.0,210.0,10.0,0.0,0.0,4.0,0.0,0.0,4.0,0.0,0.0,0.0,0.0,0.0,0.0,5.0,0.0,1.0,8.0,0.0,0.0,0.0,0.0,0.0,0.0,166.0,24.5,18.9,30.6,0.0,37.0,73.0,alto
820,2016-08-09,0.0,144.0,12.0,0.0,0.0,2.0,0.0,0.0,2.0,0.0,0.0,0.0,0.0,0.0,0.0,7.0,0.0,0.0,6.0,0.0,0.0,0.0,0.0,0.0,0.0,132.0,25.3,19.6,31.7,0.0,42.0,85.0,alto
823,2016-08-12,0.0,43.0,8.0,0.0,1.0,1.0,0.0,0.0,2.0,0.0,0.0,0.0,0.0,0.0,0.0,1.0,0.0,0.0,1.0,0.0,0.0,0.0,0.0,0.0,0.0,53.0,20.0,15.8,24.5,0.0,47.0,75.0,medio
824,2016-08-13,0.0,91.0,18.0,0.0,3.0,1.0,0.0,0.0,4.0,0.0,0.0,0.0,0.0,0.0,0.0,10.0,0.0,0.0,3.0,0.0,0.0,0.0,0.0,0.0,0.0,94.0,21.9,16.3,27.7,0.0,44.0,85.0,medio
825,2016-08-14,0.0,245.0,23.0,0.0,0.0,6.0,0.0,0.0,6.0,0.0,0.0,0.0,0.0,0.0,0.0,8.0,0.0,0.0,5.0,0.0,0.0,0.0,0.0,0.0,0.0,118.0,23.9,17.8,30.6,0.0,39.0,88.0,alto
826,2016-08-15,0.0,251.0,70.0,0.0,0.0,7.0,0.0,0.0,7.0,0.0,0.0,0.0,0.0,0.0,0.0,6.0,0.0,0.0,3.0,0.0,0.0,0.0,0.0,0.0,0.0,144.0,25.2,19.5,31.6,0.0,41.0,89.0,alto
827,2016-08-16,0.0,189.0,104.0,0.0,2.0,7.0,0.0,0.0,9.0,0.0,0.0,0.0,0.0,0.0,0.0,6.0,0.0,0.0,5.0,0.0,0.0,0.0,0.0,0.0,0.0,93.0,24.8,19.5,30.8,0.0,45.0,82.0,alto
828,2016-08-17,0.0,190.0,130.0,0.0,0.0,8.0,0.0,0.0,9.0,0.0,1.0,0.0,1.0,1.0,0.0,7.0,0.0,0.0,3.0,0.0,0.0,0.0,0.0,0.0,0.0,114.0,23.7,19.6,29.4,0.0,49.0,86.0,alto
829,2016-08-18,0.0,70.0,92.0,0.0,0.0,12.0,0.0,0.0,12.0,0.0,0.0,0.0,0.0,0.0,0.0,7.0,0.0,0.0,5.0,0.0,0.0,0.0,0.0,0.0,0.0,100.0,22.9,18.5,27.2,2.6,55.0,98.0,medio
830,2016-08-19,0.0,60.0,32.0,0.0,0.0,5.0,0.0,0.0,5.0,0.0,0.0,0.0,0.0,0.0,0.0,2.0,0.0,0.0,1.0,0.0,0.0,0.0,0.0,0.0,0.0,41.0,23.1,19.7,27.7,3.4,61.0,100.0,medio
831,2016-08-20,0.0,113.0,39.0,0.0,0.0,3.0,0.0,0.0,3.0,0.0,0.0,0.0,0.0,0.0,0.0,1.0,0.0,0.0,4.0,0.0,0.0,0.0,0.0,0.0,0.0,66.0,24.3,20.7,29.0,6.0,62.0,99.0,alto
832,2016-08-21,0.0,236.0,45.0,0.0,0.0,5.0,0.0,0.0,5.0,0.0,0.0,0.0,0.0,0.0,0.0,4.0,0.0,0.0,1.0,0.0,0.0,0.0,0.0,0.0,0.0,94.0,23.4,19.2,28.2,4.0,64.0,100.0,alto
833,2016-08-22,0.0,95.0,23.0,0.0,3.0,2.0,0.0,0.0,5.0,0.0,0.0,0.0,0.0,0.0,0.0,5.0,0.0,1.0,3.0,0.0,0.0,0.0,0.0,0.0,0.0,88.0,21.6,16.4,27.7,0.0,32.0,84.0,medio
834,2016-08-23,0.0,181.0,32.0,0.0,2.0,5.0,0.0,0.0,7.0,0.0,1.0,0.0,0.0,0.0,0.0,8.0,0.0,0.0,6.0,0.0,0.0,0.0,0.0,0.0,0.0,103.0,22.5,16.8,28.1,0.0,36.0,85.0,alto
835,2016-08-24,0.0,152.0,54.0,0.0,3.0,6.0,0.0,0.0,9.0,0.0,0.0,0.0,0.0,0.0,0.0,10.0,0.0,0.0,1.0,0.0,0.0,0.0,0.0,0.0,0.0,123.0,23.1,17.3,28.3,0.0,45.0,83.0,alto
836,2016-08-25,0.0,146.0,41.0,0.0,1.0,5.0,0.0,0.0,6.0,0.0,0.0,0.0,0.0,0.0,0.0,12.0,0.0,0.0,4.0,0.0,0.0,0.0,0.0,0.0,0.0,93.0,24.0,20.7,28.2,0.0,45.0,73.0,alto
837,2016-08-26,0.0,186.0,78.0,0.0,1.0,9.0,0.0,0.0,10.0,0.0,0.0,0.0,0.0,0.0,0.0,7.0,0.0,0.0,2.0,0.0,0.0,0.0,0.0,0.0,0.0,139.0,23.3,16.6,28.7,0.0,41.0,92.0,alto
838,2016-08-29,0.0,172.0,39.0,0.0,0.0,2.0,0.0,0.0,2.0,0.0,0.0,0.0,0.0,0.0,0.0,5.0,0.0,0.0,1.0,0.0,0.0,0.0,0.0,0.0,0.0,83.0,25.1,19.9,30.6,0.0,50.0,93.0,alto
839,2016-08-30,0.0,201.0,35.0,0.0,15.0,1.0,0.0,0.0,16.0,0.0,0.0,0.0,0.0,0.0,0.0,9.0,0.0,0.0,5.0,0.0,0.0,0.0,0.0,0.0,0.0,137.0,24.7,22.0,28.6,0.0,46.0,75.0,alto
840,2016-08-31,0.0,251.0,37.0,0.0,39.0,5.0,0.0,0.0,44.0,0.0,0.0,0.0,0.0,0.0,0.0,6.0,0.0,0.0,2.0,0.0,0.0,0.0,0.0,0.0,0.0,216.0,23.6,20.1,27.9,0.0,39.0,74.0,alto
841,2016-09-01,0.0,152.0,39.0,0.0,22.0,6.0,0.0,0.0,28.0,0.0,0.0,0.0,0.0,0.0,0.0,11.0,0.0,0.0,3.0,0.0,0.0,0.0,0.0,0.0,0.0,157.0,24.1,18.4,29.7,0.0,44.0,80.0,alto
842,2016-09-02,0.0,122.0,19.0,0.0,14.0,3.0,0.0,0.0,18.0,0.0,0.0,0.0,0.0,0.0,0.0,8.0,0.0,0.0,2.0,0.0,0.0,0.0,0.0,0.0,0.0,106.0,25.0,20.8,29.9,0.0,46.0,89.0,alto
843,2016-09-03,0.0,206.0,18.0,0.0,9.0,4.0,0.0,0.0,13.0,0.0,0.0,0.0,0.0,0.0,0.0,9.0,0.0,0.0,4.0,0.0,0.0,0.0,0.0,0.0,0.0,127.0,24.9,20.3,31.2,0.0,42.0,85.0,alto
844,2016-09-04,0.0,157.0,13.0,0.0,3.0,0.0,0.0,0.0,3.0,0.0,0.0,0.0,0.0,0.0,0.0,5.0,0.0,0.0,3.0,0.0,0.0,0.0,0.0,0.0,0.0,94.0,25.3,20.1,31.1,0.0,42.0,88.0,alto
845,2016-09-05,0.0,345.0,5.0,0.0,10.0,2.0,0.0,0.0,12.0,0.0,0.0,0.0,0.0,0.0,0.0,10.0,0.0,0.0,0.0,0.0,0.0,0.0,0.0,0.0,0.0,98.0,22.6,19.0,27.1,0.0,54.0,88.0,alto
846,2016-09-06,0.0,308.0,5.0,0.0,1.0,0.0,0.0,0.0,2.0,0.0,0.0,0.0,0.0,0.0,0.0,5.0,0.0,0.0,1.0,0.0,0.0,0.0,0.0,0.0,0.0,54.0,20.8,16.9,27.0,1.0,48.0,98.0,alto
847,2016-09-07,0.0,240.0,7.0,0.0,10.0,1.0,0.0,0.0,11.0,0.0,0.0,0.0,0.0,0.0,0.0,7.0,0.0,0.0,3.0,0.0,0.0,0.0,0.0,0.0,0.0,58.0,23.1,16.8,29.5,0.0,39.0,80.0,alto
848,2016-09-08,0.0,213.0,4.0,0.0,25.0,1.0,0.0,0.0,26.0,0.0,0.0,0.0,0.0,0.0,0.0,9.0,0.0,0.0,0.0,0.0,0.0,0.0,0.0,0.0,0.0,35.0,23.8,18.5,28.6,0.0,41.0,77.0,alto
849,2016-09-09,0.0,365.0,8.0,0.0,35.0,1.0,0.0,0.0,36.0,0.0,0.0,0.0,0.0,0.0,0.0,7.0,0.0,1.0,3.0,0.0,0.0,0.0,0.0,0.0,0.0,44.0,24.7,19.4,30.2,0.0,35.0,77.0,alto
850,2016-09-10,0.0,231.0,7.0,0.0,20.0,1.0,0.0,0.0,23.0,0.0,0.0,0.0,0.0,0.0,0.0,4.0,0.0,0.0,1.0,0.0,0.0,0.0,0.0,0.0,0.0,24.0,25.2,19.7,30.8,0.0,38.0,72.0,alto
851,2016-09-11,0.0,267.0,8.0,0.0,24.0,1.0,0.0,0.0,25.0,0.0,0.0,0.0,0.0,0.0,0.0,2.0,0.0,0.0,7.0,0.0,0.0,0.0,0.0,0.0,0.0,35.0,24.5,20.5,29.6,0.0,43.0,76.0,alto
852,2016-09-12,0.0,137.0,8.0,0.0,23.0,0.0,0.0,0.0,24.0,0.0,0.0,0.0,0.0,0.0,0.0,12.0,0.0,0.0,0.0,0.0,0.0,0.0,0.0,0.0,0.0,34.0,24.9,20.0,31.0,0.0,41.0,77.0,alto
853,2016-09-13,0.0,252.0,3.0,0.0,19.0,1.0,0.0,0.0,20.0,0.0,0.0,0.0,0.0,0.0,0.0,15.0,0.0,0.0,2.0,0.0,0.0,0.0,0.0,0.0,0.0,56.0,24.2,19.5,30.9,0.0,40.0,85.0,alto
854,2016-09-14,0.0,399.0,2.0,0.0,9.0,0.0,0.0,0.0,9.0,0.0,0.0,0.0,0.0,0.0,0.0,11.0,0.0,0.0,0.0,0.0,0.0,0.0,0.0,0.0,0.0,41.0,24.1,19.1,30.5,0.0,43.0,91.0,alto
855,2016-09-15,0.0,70.0,3.0,0.0,3.0,2.0,0.0,0.0,5.0,0.0,0.0,0.0,0.0,0.0,0.0,2.0,0.0,0.0,0.0,0.0,0.0,0.0,0.0,0.0,0.0,17.0,21.1,18.0,23.2,35.8,82.0,99.0,medio
857,2016-09-17,0.0,98.0,2.0,0.0,3.0,0.0,0.0,0.0,3.0,0.0,0.0,0.0,0.0,0.0,0.0,11.0,0.0,0.0,0.0,0.0,0.0,0.0,0.0,0.0,0.0,60.0,20.1,16.8,24.9,2.6,47.0,100.0,medio
859,2016-09-19,0.0,389.0,17.0,0.0,0.0,7.0,0.0,0.0,7.0,0.0,0.0,0.0,0.0,0.0,0.0,2.0,0.0,0.0,0.0,0.0,0.0,0.0,0.0,0.0,0.0,50.0,20.4,15.6,26.1,0.0,47.0,95.0,alto
860,2016-09-20,0.0,277.0,2.0,0.0,0.0,6.0,0.0,0.0,6.0,0.0,0.0,0.0,0.0,0.0,0.0,2.0,0.0,0.0,0.0,0.0,0.0,0.0,0.0,0.0,0.0,23.0,20.4,17.5,25.1,0.0,52.0,89.0,alto
861,2016-09-21,0.0,193.0,11.0,0.0,1.0,1.0,0.0,0.0,2.0,0.0,0.0,0.0,0.0,0.0,0.0,4.0,0.0,0.0,0.0,0.0,0.0,0.0,0.0,0.0,0.0,12.0,16.6,14.6,18.4,12.2,66.0,96.0,alto
863,2016-09-23,0.0,204.0,2.0,0.0,1.0,6.0,0.0,0.0,7.0,0.0,0.0,0.0,0.0,0.0,0.0,4.0,0.0,0.0,0.0,0.0,0.0,0.0,0.0,0.0,0.0,21.0,17.4,12.7,24.1,0.0,39.0,89.0,alto
864,2016-09-24,0.0,509.0,7.0,0.0,2.0,0.0,0.0,0.0,2.0,0.0,0.0,0.0,0.0,0.0,0.0,2.0,0.0,0.0,0.0,0.0,0.0,0.0,0.0,0.0,0.0,27.0,18.4,13.8,25.1,0.0,44.0,91.0,alto
866,2016-09-26,0.0,341.0,8.0,0.0,3.0,6.0,0.0,0.0,9.0,0.0,0.0,0.0,0.0,0.0,0.0,7.0,0.0,0.0,0.0,0.0,0.0,0.0,0.0,0.0,0.0,28.0,18.5,14.0,24.8,0.0,43.0,90.0,alto
868,2016-09-28,0.0,650.0,5.0,0.0,1.0,4.0,0.0,0.0,5.0,0.0,0.0,0.0,0.0,0.0,0.0,5.0,0.0,0.0,0.0,0.0,0.0,0.0,0.0,0.0,0.0,18.0,19.1,14.8,24.3,0.0,48.0,94.0,alto
870,2016-09-30,0.0,258.0,5.0,0.0,3.0,4.0,0.0,0.0,7.0,0.0,0.0,0.0,0.0,0.0,0.0,5.0,0.0,1.0,0.0,0.0,0.0,0.0,0.0,0.0,0.0,25.0,18.9,13.8,25.1,0.0,50.0,94.0,alto
871,2016-10-01,0.0,572.0,7.0,0.0,4.0,1.0,0.0,0.0,5.0,0.0,0.0,0.0,0.0,0.0,0.0,3.0,0.0,3.0,0.0,0.0,0.0,0.0,0.0,0.0,0.0,22.0,19.0,14.3,24.5,0.2,49.0,96.0,alto
875,2016-10-05,0.0,381.0,2.0,0.0,0.0,2.0,0.0,0.0,2.0,0.0,1.0,0.0,0.0,0.0,0.0,0.0,0.0,8.0,0.0,0.0,0.0,0.0,0.0,0.0,0.0,10.0,13.1,10.2,14.8,5.8,64.0,96.0,alto
878,2016-10-08,0.0,60.0,0.0,0.0,0.0,2.0,0.0,0.0,2.0,0.0,0.0,0.0,0.0,0.0,0.0,0.0,0.0,14.0,0.0,0.0,0.0,0.0,0.0,0.0,0.0,3.0,12.5,10.1,15.8,0.2,61.0,87.0,medio
883,2016-10-13,0.0,59.0,2.0,0.0,1.0,1.0,0.0,0.0,2.0,0.0,0.0,0.0,0.0,0.0,0.0,2.0,0.0,1.0,0.0,0.0,0.0,0.0,0.0,0.0,0.0,1.0,10.9,7.7,15.4,4.4,60.0,99.0,medio
1023,2017-04-13,2.0,17.0,503.0,0.0,0.0,0.0,14.0,14.0,3.0,13.0,27.0,13.0,0.0,35.0,0.0,122.0,5.0,1.0,0.0,15.0,0.0,35.0,16.0,16.0,0.0,94.0,16.4,11.1,22.3,0.0,50.0,93.0,medio
1071,2017-05-31,0.0,32.0,24.0,5.0,0.0,0.0,5.0,0.0,2.0,0.0,2.0,0.0,0.0,2.0,0.0,25.0,16.0,9.0,4.0,0.0,0.0,1.0,0.0,0.0,0.0,18.0,23.8,19.7,27.6,0.0,61.0,91.0,medio
1085,2017-06-14,0.0,66.0,11.0,7.0,3.0,0.0,7.0,0.0,3.0,0.0,14.0,0.0,19.0,19.0,0.0,23.0,2.0,5.0,21.0,0.0,0.0,0.0,0.0,0.0,0.0,22.0,24.3,21.2,29.1,0.8,48.0,95.0,medio
1107,2017-07-13,0.0,284.0,6.0,0.0,1.0,0.0,0.0,0.0,2.0,0.0,0.0,0.0,2.0,2.0,0.0,9.0,0.0,2.0,9.0,0.0,0.0,0.0,0.0,0.0,0.0,20.0,26.7,22.8,30.8,0.0,50.0,92.0,alto
1108,2017-07-14,0.0,77.0,11.0,0.0,0.0,0.0,0.0,0.0,2.0,0.0,0.0,0.0,1.0,1.0,0.0,5.0,0.0,0.0,11.0,0.0,0.0,0.0,0.0,0.0,0.0,21.0,23.3,17.4,26.8,6.2,48.0,95.0,medio
1122,2017-07-28,0.0,186.0,6.0,0.0,0.0,0.0,0.0,0.0,2.0,0.0,0.0,0.0,1.0,1.0,0.0,4.0,0.0,0.0,4.0,0.0,0.0,0.0,0.0,0.0,0.0,13.0,25.0,20.7,29.7,0.0,59.0,86.0,alto
1127,2017-08-02,0.0,515.0,6.0,0.0,0.0,0.0,0.0,0.0,2.0,0.0,1.0,0.0,0.0,0.0,0.0,6.0,0.0,0.0,4.0,0.0,0.0,0.0,0.0,0.0,0.0,22.0,30.6,24.9,37.8,0.0,33.0,88.0,alto
1128,2017-08-03,0.0,458.0,7.0,0.0,1.0,1.0,0.0,0.0,3.0,0.0,1.0,0.0,0.0,0.0,0.0,3.0,0.0,2.0,11.0,0.0,0.0,0.0,0.0,0.0,0.0,45.0,30.5,25.0,36.7,0.0,41.0,79.0,alto
1129,2017-08-04,0.0,477.0,7.0,0.0,0.0,0.0,0.0,0.0,3.0,0.0,0.0,0.0,0.0,0.0,0.0,7.0,0.0,0.0,9.0,0.0,0.0,0.0,0.0,0.0,0.0,31.0,30.8,24.9,37.5,0.0,37.0,85.0,alto
1131,2017-08-06,0.0,407.0,33.0,0.0,5.0,0.0,0.0,0.0,7.0,0.0,0.0,0.0,0.0,0.0,0.0,8.0,0.0,1.0,14.0,0.0,0.0,0.0,0.0,0.0,0.0,54.0,28.3,22.4,35.3,1.4,40.0,85.0,alto
1132,2017-08-07,0.0,154.0,12.0,0.0,0.0,1.0,0.0,0.0,3.0,0.0,0.0,0.0,0.0,0.0,0.0,4.0,0.0,1.0,6.0,0.0,0.0,0.0,0.0,0.0,0.0,13.0,25.5,21.3,30.4,0.0,39.0,77.0,alto
1133,2017-08-08,0.0,164.0,15.0,0.0,5.0,1.0,0.0,0.0,8.0,0.0,0.0,0.0,0.0,0.0,0.0,6.0,0.0,0.0,6.0,0.0,0.0,0.0,0.0,0.0,0.0,75.0,26.0,21.3,31.2,0.0,45.0,68.0,alto
1134,2017-08-09,0.0,107.0,13.0,0.0,1.0,2.0,0.0,0.0,4.0,0.0,0.0,0.0,0.0,0.0,0.0,7.0,0.0,0.0,4.0,0.0,0.0,0.0,0.0,0.0,0.0,26.0,27.9,23.2,33.9,0.0,44.0,90.0,alto
1135,2017-08-10,0.0,89.0,6.0,0.0,0.0,1.0,0.0,0.0,3.0,0.0,0.0,0.0,0.0,0.0,0.0,5.0,0.0,0.0,4.0,0.0,0.0,0.0,0.0,0.0,0.0,6.0,25.4,21.9,30.6,1.2,66.0,93.0,medio
1136,2017-08-11,0.0,407.0,14.0,0.0,0.0,2.0,0.0,0.0,3.0,0.0,0.0,0.0,1.0,1.0,0.0,7.0,0.0,0.0,2.0,0.0,0.0,0.0,0.0,0.0,0.0,9.0,24.0,18.6,29.3,0.2,30.0,90.0,alto
1137,2017-08-12,0.0,210.0,16.0,0.0,0.0,2.0,0.0,0.0,3.0,0.0,0.0,0.0,0.0,0.0,0.0,4.0,0.0,0.0,2.0,0.0,0.0,0.0,0.0,0.0,0.0,5.0,22.1,16.0,28.3,0.0,37.0,82.0,alto
1138,2017-08-13,0.0,311.0,18.0,0.0,0.0,2.0,0.0,0.0,5.0,0.0,0.0,0.0,0.0,0.0,0.0,6.0,0.0,0.0,3.0,0.0,0.0,0.0,0.0,0.0,0.0,10.0,24.2,17.9,30.9,0.0,32.0,81.0,alto
1139,2017-08-14,0.0,278.0,24.0,0.0,2.0,1.0,0.0,0.0,4.0,0.0,0.0,0.0,0.0,0.0,0.0,4.0,0.0,0.0,3.0,0.0,0.0,0.0,0.0,0.0,0.0,18.0,25.1,19.7,30.4,0.0,39.0,84.0,alto
1140,2017-08-15,0.0,350.0,22.0,0.0,1.0,6.0,0.0,0.0,8.0,0.0,0.0,0.0,0.0,0.0,0.0,9.0,0.0,0.0,3.0,0.0,0.0,0.0,0.0,0.0,0.0,25.0,26.1,20.1,33.3,0.0,35.0,84.0,alto
1141,2017-08-16,0.0,365.0,37.0,0.0,0.0,5.0,0.0,0.0,6.0,0.0,0.0,0.0,0.0,0.0,0.0,5.0,0.0,0.0,6.0,0.0,0.0,0.0,0.0,0.0,0.0,27.0,26.4,21.3,31.9,0.0,42.0,80.0,alto
1142,2017-08-17,0.0,251.0,65.0,0.0,23.0,9.0,0.0,0.0,34.0,0.0,0.0,0.0,0.0,0.0,0.0,4.0,0.0,0.0,2.0,0.0,0.0,0.0,0.0,0.0,0.0,58.0,27.4,21.7,33.9,0.0,35.0,74.0,alto
1143,2017-08-18,0.0,207.0,35.0,0.0,11.0,12.0,0.0,0.0,25.0,0.0,0.0,0.0,0.0,0.0,0.0,7.0,0.0,0.0,2.0,0.0,0.0,0.0,0.0,0.0,0.0,56.0,27.8,21.8,35.0,0.0,33.0,76.0,alto
1144,2017-08-19,0.0,275.0,31.0,0.0,5.0,4.0,0.0,0.0,11.0,0.0,0.0,0.0,0.0,0.0,0.0,4.0,0.0,0.0,4.0,0.0,0.0,0.0,0.0,0.0,0.0,58.0,25.1,17.3,30.2,20.6,53.0,96.0,alto
1145,2017-08-20,0.0,41.0,11.0,0.0,1.0,1.0,0.0,0.0,2.0,0.0,0.0,0.0,0.0,0.0,0.0,1.0,0.0,0.0,3.0,0.0,0.0,0.0,0.0,0.0,0.0,13.0,22.4,16.8,27.9,0.0,34.0,94.0,medio
1146,2017-08-21,0.0,58.0,18.0,0.0,2.0,3.0,0.0,0.0,8.0,0.0,0.0,0.0,0.0,0.0,0.0,3.0,0.0,0.0,2.0,0.0,0.0,0.0,0.0,0.0,0.0,39.0,22.9,19.2,27.4,0.0,28.0,68.0,medio
1147,2017-08-22,0.0,95.0,18.0,0.0,6.0,0.0,0.0,0.0,6.0,0.0,0.0,0.0,0.0,0.0,0.0,1.0,0.0,0.0,1.0,0.0,0.0,0.0,0.0,0.0,0.0,35.0,22.0,17.9,27.3,0.0,42.0,69.0,medio
1148,2017-08-23,0.0,103.0,20.0,0.0,2.0,0.0,0.0,0.0,3.0,0.0,0.0,0.0,0.0,0.0,0.0,3.0,0.0,0.0,1.0,0.0,0.0,0.0,0.0,0.0,0.0,54.0,22.5,17.5,28.5,0.0,39.0,81.0,alto
1149,2017-08-24,0.0,92.0,45.0,0.0,0.0,3.0,0.0,0.0,3.0,0.0,0.0,0.0,0.0,0.0,0.0,6.0,0.0,0.0,0.0,0.0,0.0,0.0,0.0,0.0,0.0,39.0,24.1,18.7,30.8,0.0,42.0,86.0,medio
1150,2017-08-25,0.0,152.0,32.0,0.0,3.0,1.0,0.0,0.0,4.0,0.0,0.0,0.0,0.0,0.0,0.0,5.0,0.0,0.0,2.0,0.0,0.0,0.0,0.0,0.0,0.0,48.0,25.6,20.4,31.9,0.0,46.0,91.0,alto
1151,2017-08-26,0.0,125.0,37.0,0.0,1.0,3.0,0.0,0.0,5.0,0.0,0.0,0.0,0.0,0.0,0.0,4.0,0.0,0.0,0.0,0.0,0.0,0.0,0.0,0.0,0.0,51.0,26.5,21.2,33.7,0.0,44.0,88.0,alto
1152,2017-08-27,0.0,255.0,37.0,0.0,2.0,1.0,0.0,0.0,3.0,0.0,0.0,0.0,0.0,0.0,0.0,7.0,0.0,0.0,1.0,0.0,0.0,0.0,0.0,0.0,0.0,49.0,28.0,22.2,35.2,0.0,35.0,87.0,alto
1154,2017-08-29,0.0,90.0,8.0,0.0,1.0,2.0,0.0,0.0,3.0,0.0,0.0,0.0,0.0,0.0,0.0,1.0,0.0,0.0,0.0,0.0,0.0,0.0,0.0,0.0,0.0,59.0,24.2,19.1,30.2,0.0,41.0,84.0,medio
1155,2017-08-30,0.0,131.0,9.0,0.0,8.0,0.0,0.0,0.0,8.0,0.0,0.0,0.0,0.0,0.0,0.0,2.0,0.0,0.0,2.0,0.0,0.0,0.0,0.0,0.0,0.0,63.0,24.7,19.3,31.3,0.0,39.0,80.0,alto
1156,2017-08-31,0.0,78.0,5.0,0.0,2.0,0.0,0.0,0.0,2.0,0.0,0.0,0.0,0.0,0.0,0.0,4.0,0.0,0.0,0.0,0.0,0.0,0.0,0.0,0.0,0.0,32.0,25.4,21.0,30.4,0.0,51.0,89.0,medio
1158,2017-09-02,0.0,118.0,4.0,0.0,3.0,0.0,0.0,0.0,3.0,0.0,0.0,0.0,0.0,0.0,0.0,4.0,0.0,0.0,0.0,0.0,0.0,0.0,0.0,0.0,0.0,43.0,19.3,15.2,25.1,1.8,45.0,99.0,alto
1159,2017-09-03,0.0,61.0,2.0,0.0,2.0,0.0,0.0,0.0,2.0,0.0,0.0,0.0,0.0,0.0,0.0,4.0,0.0,0.0,1.0,0.0,0.0,0.0,0.0,0.0,0.0,52.0,19.5,14.3,26.5,1.2,33.0,95.0,medio
1161,2017-09-05,0.0,200.0,10.0,0.0,0.0,0.0,0.0,0.0,2.0,0.0,0.0,0.0,0.0,0.0,0.0,3.0,0.0,0.0,0.0,0.0,0.0,0.0,0.0,0.0,0.0,48.0,21.3,17.6,26.5,0.0,49.0,87.0,alto
1162,2017-09-06,0.0,524.0,10.0,0.0,3.0,1.0,0.0,0.0,9.0,0.0,0.0,0.0,0.0,0.0,0.0,5.0,0.0,0.0,0.0,0.0,0.0,0.0,0.0,0.0,0.0,71.0,21.8,17.5,26.9,0.0,59.0,93.0,alto
1163,2017-09-07,0.0,385.0,4.0,0.0,1.0,0.0,0.0,0.0,2.0,0.0,0.0,0.0,0.0,0.0,0.0,6.0,0.0,0.0,0.0,0.0,0.0,0.0,0.0,0.0,0.0,43.0,20.7,16.7,25.8,5.2,66.0,94.0,alto
1164,2017-09-08,0.0,231.0,15.0,0.0,5.0,0.0,0.0,0.0,8.0,0.0,0.0,0.0,0.0,0.0,0.0,3.0,0.0,0.0,2.0,0.0,0.0,0.0,0.0,0.0,0.0,45.0,20.1,16.1,24.9,0.0,49.0,87.0,alto
1165,2017-09-09,0.0,297.0,8.0,0.0,2.0,0.0,0.0,0.0,3.0,0.0,0.0,0.0,0.0,0.0,0.0,4.0,0.0,0.0,0.0,0.0,0.0,0.0,0.0,0.0,0.0,46.0,20.3,16.8,25.1,8.2,64.0,97.0,alto
1170,2017-09-14,0.0,404.0,7.0,0.0,2.0,0.0,0.0,0.0,3.0,0.0,0.0,0.0,0.0,0.0,0.0,11.0,0.0,0.0,0.0,0.0,0.0,0.0,0.0,0.0,0.0,66.0,17.5,14.5,20.0,0.4,76.0,98.0,alto
1171,2017-09-15,0.0,360.0,5.0,0.0,6.0,0.0,0.0,0.0,6.0,0.0,0.0,0.0,0.0,0.0,0.0,2.0,0.0,0.0,1.0,0.0,0.0,0.0,0.0,0.0,0.0,42.0,17.1,14.4,20.7,11.2,62.0,100.0,alto
1173,2017-09-17,0.0,257.0,8.0,0.0,0.0,0.0,0.0,0.0,2.0,0.0,0.0,0.0,0.0,0.0,0.0,10.0,0.0,0.0,0.0,0.0,0.0,0.0,0.0,0.0,0.0,64.0,17.9,14.3,22.6,0.4,45.0,96.0,alto
1177,2017-09-21,0.0,215.0,4.0,0.0,0.0,2.0,0.0,0.0,4.0,0.0,0.0,0.0,0.0,0.0,0.0,12.0,0.0,1.0,0.0,0.0,0.0,0.0,0.0,0.0,0.0,53.0,16.3,11.1,23.1,0.0,39.0,94.0,alto
1178,2017-09-22,0.0,480.0,2.0,0.0,0.0,3.0,0.0,0.0,6.0,0.0,0.0,0.0,0.0,0.0,0.0,14.0,0.0,0.0,0.0,0.0,0.0,0.0,0.0,0.0,0.0,44.0,16.5,11.6,22.7,0.0,49.0,94.0,alto
1179,2017-09-23,0.0,473.0,3.0,0.0,0.0,2.0,0.0,0.0,6.0,0.0,0.0,0.0,0.0,0.0,0.0,13.0,0.0,0.0,0.0,0.0,0.0,0.0,0.0,0.0,0.0,29.0,17.6,13.3,23.3,0.0,58.0,94.0,alto
1180,2017-09-24,0.0,191.0,0.0,0.0,1.0,0.0,0.0,0.0,3.0,0.0,0.0,0.0,0.0,0.0,0.0,1.0,0.0,0.0,0.0,0.0,0.0,0.0,0.0,0.0,0.0,9.0,16.1,14.7,18.7,5.8,81.0,98.0,alto
1182,2017-09-26,0.0,144.0,3.0,0.0,1.0,0.0,0.0,0.0,5.0,0.0,0.0,0.0,0.0,0.0,0.0,5.0,0.0,1.0,0.0,0.0,0.0,0.0,0.0,0.0,0.0,25.0,17.0,12.1,22.4,0.0,52.0,88.0,alto
1183,2017-09-27,0.0,337.0,6.0,0.0,5.0,3.0,0.0,0.0,10.0,0.0,0.0,0.0,0.0,0.0,0.0,8.0,0.0,2.0,0.0,0.0,0.0,0.0,0.0,0.0,0.0,26.0,18.1,13.0,24.7,0.0,51.0,88.0,alto
1184,2017-09-28,0.0,316.0,4.0,0.0,1.0,3.0,0.0,0.0,9.0,0.0,0.0,0.0,0.0,0.0,0.0,4.0,0.0,3.0,0.0,0.0,0.0,0.0,0.0,0.0,0.0,28.0,18.5,14.5,24.7,0.0,47.0,81.0,alto
1185,2017-09-29,0.0,333.0,0.0,0.0,1.0,2.0,0.0,0.0,5.0,0.0,1.0,0.0,0.0,0.0,0.0,1.0,0.0,3.0,0.0,0.0,0.0,0.0,0.0,0.0,0.0,17.0,17.9,14.4,21.9,0.0,42.0,78.0,alto
1186,2017-09-30,0.0,360.0,0.0,0.0,8.0,0.0,0.0,0.0,9.0,0.0,0.0,0.0,0.0,0.0,0.0,0.0,0.0,1.0,0.0,0.0,0.0,0.0,0.0,0.0,0.0,17.0,17.0,14.3,20.9,0.0,43.0,69.0,alto
1187,2017-10-01,0.0,170.0,1.0,0.0,4.0,0.0,0.0,0.0,7.0,0.0,0.0,0.0,0.0,0.0,0.0,1.0,0.0,1.0,0.0,0.0,0.0,0.0,0.0,0.0,0.0,16.0,14.7,12.4,17.8,4.2,51.0,95.0,alto
1190,2017-10-04,0.0,166.0,2.0,0.0,0.0,0.0,0.0,0.0,2.0,0.0,0.0,0.0,0.0,0.0,0.0,2.0,0.0,0.0,0.0,0.0,0.0,0.0,0.0,0.0,0.0,11.0,16.1,12.0,21.1,0.0,59.0,96.0,alto
1191,2017-10-05,0.0,281.0,5.0,0.0,0.0,4.0,0.0,0.0,5.0,0.0,0.0,0.0,0.0,0.0,0.0,5.0,0.0,19.0,0.0,0.0,0.0,0.0,0.0,0.0,0.0,36.0,16.9,12.7,22.8,0.0,59.0,96.0,alto
1192,2017-10-06,0.0,209.0,8.0,0.0,0.0,3.0,0.0,0.0,3.0,0.0,0.0,0.0,0.0,0.0,0.0,4.0,0.0,26.0,0.0,0.0,0.0,0.0,0.0,0.0,0.0,10.0,15.4,11.1,21.4,1.8,60.0,100.0,alto
1198,2017-10-12,0.0,151.0,3.0,0.0,0.0,0.0,0.0,0.0,2.0,0.0,0.0,0.0,0.0,0.0,0.0,2.0,0.0,0.0,0.0,0.0,0.0,0.0,0.0,0.0,0.0,7.0,15.1,11.7,20.2,0.0,66.0,100.0,alto
1383,2018-05-30,0.0,87.0,13.0,1.0,0.0,0.0,1.0,0.0,3.0,0.0,0.0,0.0,9.0,9.0,0.0,13.0,16.0,2.0,10.0,0.0,0.0,0.0,0.0,0.0,0.0,29.0,24.2,19.3,29.1,0.0,48.0,87.0,medio
1395,2018-06-11,0.0,538.0,10.0,8.0,0.0,0.0,8.0,0.0,2.0,0.0,5.0,0.0,26.0,26.0,0.0,21.0,3.0,3.0,12.0,0.0,0.0,0.0,0.0,0.0,0.0,43.0,26.0,21.2,31.8,0.0,49.0,92.0,alto
1396,2018-06-12,0.0,60.0,7.0,3.0,0.0,0.0,3.0,0.0,3.0,0.0,2.0,0.0,8.0,8.0,0.0,12.0,1.0,2.0,15.0,0.0,0.0,0.0,0.0,0.0,0.0,12.0,22.8,20.3,27.6,7.6,66.0,94.0,medio
1401,2018-06-17,0.0,223.0,4.0,0.0,0.0,0.0,0.0,0.0,3.0,0.0,1.0,0.0,42.0,42.0,0.0,26.0,2.0,3.0,17.0,0.0,0.0,0.0,0.0,0.0,0.0,52.0,25.1,20.0,30.4,0.0,35.0,73.0,alto
1408,2018-06-24,0.0,270.0,7.0,0.0,0.0,0.0,0.0,0.0,2.0,0.0,0.0,0.0,4.0,4.0,0.0,26.0,0.0,4.0,9.0,0.0,0.0,0.0,0.0,0.0,0.0,11.0,20.4,15.8,24.6,0.0,42.0,79.0,alto
1412,2018-06-28,0.0,109.0,8.0,0.0,1.0,0.0,0.0,0.0,2.0,0.0,3.0,0.0,4.0,4.0,0.0,3.0,0.0,5.0,5.0,0.0,0.0,0.0,0.0,0.0,0.0,15.0,21.4,15.7,27.0,0.0,32.0,87.0,alto
1414,2018-06-30,0.0,342.0,7.0,1.0,1.0,0.0,1.0,0.0,3.0,0.0,2.0,0.0,12.0,12.0,0.0,21.0,0.0,2.0,11.0,0.0,0.0,0.0,0.0,0.0,0.0,24.0,26.8,20.5,32.8,0.0,33.0,92.0,alto
1416,2018-07-02,0.0,196.0,8.0,0.0,0.0,0.0,0.0,0.0,2.0,0.0,11.0,0.0,19.0,19.0,0.0,26.0,0.0,15.0,34.0,0.0,0.0,0.0,0.0,0.0,0.0,70.0,23.8,21.0,27.9,0.0,49.0,80.0,alto
1421,2018-07-07,0.0,104.0,9.0,0.0,1.0,0.0,0.0,0.0,2.0,0.0,0.0,0.0,3.0,3.0,0.0,6.0,0.0,5.0,11.0,0.0,0.0,0.0,0.0,0.0,0.0,29.0,25.7,20.2,31.2,0.0,39.0,85.0,alto
1425,2018-07-11,0.0,3.0,3.0,0.0,1.0,0.0,0.0,0.0,2.0,0.0,0.0,0.0,0.0,0.0,0.0,1.0,0.0,0.0,4.0,0.0,0.0,0.0,0.0,0.0,0.0,1.0,20.3,16.9,24.0,11.8,66.0,99.0,basso
1426,2018-07-12,0.0,115.0,3.0,0.0,2.0,0.0,0.0,0.0,3.0,0.0,1.0,0.0,4.0,4.0,0.0,5.0,0.0,1.0,10.0,0.0,0.0,0.0,0.0,0.0,0.0,10.0,23.0,19.1,27.2,0.0,56.0,92.0,alto
1433,2018-07-19,0.0,305.0,5.0,0.0,1.0,0.0,0.0,0.0,2.0,0.0,2.0,0.0,1.0,1.0,0.0,12.0,0.0,2.0,13.0,0.0,0.0,0.0,0.0,0.0,0.0,35.0,26.7,21.1,32.0,0.0,56.0,89.0,alto
1441,2018-07-27,0.0,97.0,2.0,0.0,1.0,0.0,0.0,0.0,3.0,0.0,0.0,0.0,0.0,0.0,0.0,5.0,0.0,0.0,4.0,0.0,0.0,0.0,0.0,0.0,0.0,28.0,26.3,20.7,31.6,0.0,40.0,81.0,medio
1442,2018-07-28,0.0,244.0,5.0,0.0,0.0,1.0,0.0,0.0,2.0,0.0,0.0,0.0,0.0,0.0,0.0,11.0,0.0,1.0,2.0,0.0,0.0,0.0,0.0,0.0,0.0,30.0,27.0,21.5,32.8,0.0,47.0,86.0,alto
1445,2018-07-31,0.0,138.0,5.0,0.0,1.0,1.0,0.0,0.0,3.0,0.0,1.0,0.0,0.0,0.0,0.0,6.0,0.0,0.0,3.0,0.0,0.0,0.0,0.0,0.0,0.0,37.0,29.0,23.6,35.0,0.0,44.0,81.0,alto
1446,2018-08-01,0.0,205.0,3.0,0.0,1.0,0.0,0.0,0.0,2.0,0.0,1.0,0.0,0.0,0.0,0.0,6.0,0.0,0.0,6.0,0.0,0.0,0.0,0.0,0.0,0.0,40.0,30.2,25.8,35.6,0.0,39.0,83.0,alto
1448,2018-08-03,0.0,57.0,5.0,0.0,0.0,2.0,0.0,0.0,2.0,0.0,1.0,0.0,0.0,0.0,0.0,9.0,0.0,0.0,8.0,0.0,0.0,0.0,0.0,0.0,0.0,23.0,27.5,22.5,32.3,0.0,43.0,85.0,medio
1449,2018-08-04,0.0,151.0,7.0,0.0,5.0,2.0,0.0,0.0,6.0,0.0,0.0,0.0,0.0,0.0,0.0,5.0,0.0,0.0,8.0,0.0,0.0,0.0,0.0,0.0,0.0,67.0,27.8,23.3,32.7,0.0,45.0,81.0,alto
1450,2018-08-05,0.0,164.0,19.0,0.0,1.0,2.0,0.0,0.0,3.0,0.0,0.0,0.0,0.0,0.0,0.0,15.0,0.0,1.0,5.0,0.0,0.0,0.0,0.0,0.0,0.0,68.0,28.3,24.0,34.3,0.0,40.0,81.0,alto
1451,2018-08-06,0.0,124.0,10.0,0.0,3.0,4.0,0.0,0.0,10.0,0.0,0.0,0.0,0.0,0.0,0.0,8.0,0.0,0.0,9.0,0.0,0.0,0.0,0.0,0.0,0.0,63.0,27.6,23.8,32.6,0.0,44.0,79.0,alto
1452,2018-08-07,0.0,167.0,10.0,0.0,1.0,2.0,0.0,0.0,2.0,0.0,0.0,0.0,0.0,0.0,0.0,4.0,0.0,1.0,3.0,0.0,0.0,0.0,0.0,0.0,0.0,25.0,27.6,23.2,33.1,0.0,48.0,86.0,alto
1455,2018-08-10,0.0,164.0,9.0,0.0,2.0,1.0,0.0,0.0,3.0,0.0,0.0,0.0,0.0,0.0,0.0,1.0,0.0,0.0,1.0,0.0,0.0,0.0,0.0,0.0,0.0,8.0,24.9,18.9,31.2,0.0,43.0,96.0,alto
1456,2018-08-11,0.0,194.0,17.0,0.0,1.0,2.0,0.0,0.0,3.0,0.0,0.0,0.0,0.0,0.0,0.0,10.0,0.0,0.0,3.0,0.0,0.0,0.0,0.0,0.0,0.0,14.0,25.4,21.2,30.6,0.6,48.0,84.0,alto
1457,2018-08-12,0.0,168.0,14.0,0.0,5.0,2.0,0.0,0.0,8.0,0.0,0.0,0.0,0.0,0.0,0.0,7.0,0.0,0.0,3.0,0.0,0.0,0.0,0.0,0.0,0.0,47.0,24.3,20.7,28.8,0.0,47.0,81.0,alto
1458,2018-08-13,0.0,160.0,33.0,0.0,1.0,1.0,0.0,0.0,3.0,0.0,0.0,0.0,0.0,0.0,0.0,7.0,0.0,0.0,2.0,0.0,0.0,0.0,0.0,0.0,0.0,27.0,23.9,19.0,31.0,8.0,50.0,98.0,alto
1461,2018-08-16,0.0,196.0,23.0,0.0,2.0,3.0,0.0,0.0,4.0,0.0,0.0,0.0,0.0,0.0,0.0,13.0,0.0,0.0,3.0,0.0,0.0,0.0,0.0,0.0,0.0,48.0,25.6,21.9,30.3,0.0,32.0,73.0,alto
1462,2018-08-17,0.0,220.0,40.0,0.0,16.0,3.0,0.0,0.0,20.0,0.0,0.0,0.0,0.0,0.0,0.0,8.0,0.0,0.0,5.0,0.0,0.0,0.0,0.0,0.0,0.0,74.0,25.5,20.0,31.8,0.0,37.0,78.0,alto
1463,2018-08-18,0.0,300.0,43.0,0.0,5.0,2.0,0.0,0.0,9.0,0.0,2.0,0.0,0.0,0.0,0.0,3.0,0.0,3.0,3.0,0.0,0.0,0.0,0.0,0.0,0.0,78.0,26.5,20.9,32.4,0.0,40.0,85.0,alto
1464,2018-08-19,0.0,269.0,66.0,0.0,26.0,3.0,0.0,0.0,32.0,0.0,0.0,0.0,0.0,0.0,0.0,5.0,0.0,0.0,3.0,0.0,0.0,0.0,0.0,0.0,0.0,117.0,27.5,21.7,32.6,0.0,40.0,78.0,alto
1465,2018-08-20,0.0,233.0,61.0,0.0,42.0,6.0,0.0,0.0,52.0,0.0,0.0,0.0,0.0,0.0,0.0,6.0,0.0,0.0,5.0,0.0,0.0,0.0,0.0,0.0,0.0,135.0,27.7,22.0,33.6,0.0,32.0,73.0,alto
1466,2018-08-21,0.0,244.0,47.0,0.0,42.0,3.0,0.0,0.0,47.0,0.0,0.0,0.0,0.0,0.0,0.0,8.0,0.0,0.0,3.0,0.0,0.0,0.0,0.0,0.0,0.0,92.0,27.7,22.5,33.9,0.0,33.0,73.0,alto
1467,2018-08-22,0.0,222.0,121.0,0.0,82.0,3.0,0.0,0.0,86.0,0.0,0.0,0.0,0.0,0.0,0.0,6.0,0.0,1.0,5.0,0.0,0.0,0.0,0.0,0.0,0.0,124.0,27.4,22.2,33.6,0.0,38.0,75.0,alto
1468,2018-08-23,0.0,308.0,108.0,0.0,59.0,4.0,0.0,0.0,64.0,0.0,0.0,0.0,0.0,0.0,0.0,6.0,0.0,0.0,5.0,0.0,0.0,0.0,0.0,0.0,0.0,114.0,27.0,21.9,33.7,0.0,41.0,79.0,alto
1469,2018-08-24,0.0,220.0,47.0,0.0,39.0,2.0,0.0,0.0,41.0,0.0,0.0,0.0,0.0,0.0,0.0,11.0,0.0,1.0,4.0,0.0,0.0,0.0,0.0,0.0,0.0,99.0,25.6,21.1,32.2,0.0,46.0,82.0,alto
1471,2018-08-26,0.0,19.0,25.0,0.0,2.0,0.0,0.0,0.0,2.0,0.0,1.0,0.0,0.0,0.0,0.0,1.0,0.0,1.0,1.0,0.0,0.0,0.0,0.0,0.0,0.0,26.0,17.9,15.0,21.7,1.6,45.0,97.0,medio
1472,2018-08-27,0.0,131.0,18.0,0.0,1.0,1.0,0.0,0.0,3.0,0.0,0.0,0.0,0.0,0.0,0.0,4.0,0.0,0.0,2.0,0.0,0.0,0.0,0.0,0.0,0.0,85.0,19.7,14.0,26.0,0.0,38.0,87.0,alto
1473,2018-08-28,0.0,122.0,13.0,0.0,2.0,0.0,0.0,0.0,3.0,0.0,0.0,0.0,0.0,0.0,0.0,4.0,0.0,0.0,1.0,0.0,0.0,0.0,0.0,0.0,0.0,64.0,22.3,16.0,30.3,0.0,33.0,85.0,alto
1474,2018-08-29,0.0,303.0,35.0,0.0,3.0,3.0,0.0,0.0,8.0,0.0,0.0,0.0,0.0,0.0,0.0,3.0,0.0,0.0,2.0,0.0,0.0,0.0,0.0,0.0,0.0,125.0,23.3,17.1,31.0,0.0,35.0,84.0,alto
1475,2018-08-30,0.0,355.0,22.0,0.0,2.0,1.0,0.0,0.0,6.0,0.0,1.0,0.0,0.0,0.0,0.0,9.0,0.0,1.0,2.0,0.0,0.0,0.0,0.0,0.0,0.0,107.0,23.5,18.7,29.3,0.0,45.0,85.0,alto
1476,2018-08-31,0.0,324.0,29.0,0.0,14.0,2.0,0.0,0.0,17.0,0.0,1.0,0.0,0.0,0.0,0.0,6.0,0.0,0.0,1.0,0.0,0.0,0.0,0.0,0.0,0.0,59.0,22.3,18.9,26.4,12.4,59.0,97.0,alto
1477,2018-09-01,0.0,40.0,14.0,0.0,1.0,0.0,0.0,0.0,2.0,0.0,0.0,0.0,0.0,0.0,0.0,3.0,0.0,0.0,1.0,0.0,0.0,0.0,0.0,0.0,0.0,36.0,19.6,16.2,24.4,28.0,68.0,99.0,medio
1478,2018-09-02,0.0,55.0,9.0,0.0,2.0,0.0,0.0,0.0,3.0,0.0,0.0,0.0,0.0,0.0,0.0,6.0,0.0,0.0,1.0,0.0,0.0,0.0,0.0,0.0,0.0,45.0,19.3,16.7,24.5,2.8,57.0,100.0,medio
1479,2018-09-03,0.0,82.0,10.0,0.0,2.0,0.0,0.0,0.0,3.0,0.0,0.0,0.0,0.0,0.0,0.0,5.0,0.0,0.0,0.0,0.0,0.0,0.0,0.0,0.0,0.0,62.0,19.4,16.0,25.4,8.4,53.0,98.0,medio
1480,2018-09-04,0.0,266.0,9.0,0.0,2.0,2.0,0.0,0.0,4.0,0.0,0.0,0.0,0.0,0.0,0.0,3.0,0.0,0.0,2.0,0.0,0.0,0.0,0.0,0.0,0.0,89.0,20.5,15.2,27.3,0.0,47.0,97.0,alto
1481,2018-09-05,0.0,694.0,12.0,0.0,4.0,0.0,0.0,0.0,6.0,0.0,0.0,0.0,0.0,0.0,0.0,3.0,0.0,0.0,0.0,0.0,0.0,0.0,0.0,0.0,0.0,198.0,22.3,17.3,27.5,0.0,54.0,96.0,alto
1482,2018-09-06,0.0,1084.0,12.0,0.0,1.0,0.0,0.0,0.0,3.0,0.0,0.0,0.0,0.0,0.0,0.0,7.0,0.0,0.0,0.0,0.0,0.0,0.0,0.0,0.0,0.0,196.0,22.6,18.2,28.0,6.4,50.0,95.0,alto
1483,2018-09-07,0.0,27.0,12.0,0.0,1.0,1.0,0.0,0.0,2.0,0.0,0.0,0.0,0.0,0.0,0.0,0.0,0.0,0.0,0.0,0.0,0.0,0.0,0.0,0.0,0.0,94.0,19.8,17.4,23.5,10.0,72.0,99.0,medio
1484,2018-09-08,0.0,268.0,9.0,0.0,2.0,0.0,0.0,0.0,3.0,0.0,0.0,0.0,0.0,0.0,0.0,7.0,0.0,0.0,1.0,0.0,0.0,0.0,0.0,0.0,0.0,147.0,22.1,17.3,27.8,0.0,47.0,96.0,alto
1485,2018-09-09,0.0,305.0,11.0,0.0,2.0,0.0,0.0,0.0,3.0,0.0,0.0,0.0,0.0,0.0,0.0,2.0,0.0,0.0,0.0,0.0,0.0,0.0,0.0,0.0,0.0,131.0,22.6,17.4,29.5,0.0,50.0,95.0,alto
1486,2018-09-10,0.0,578.0,8.0,0.0,3.0,0.0,0.0,0.0,4.0,0.0,0.0,0.0,0.0,0.0,0.0,7.0,0.0,1.0,1.0,0.0,0.0,0.0,0.0,0.0,0.0,157.0,23.5,18.8,30.0,0.0,48.0,93.0,alto
1487,2018-09-11,0.0,470.0,6.0,0.0,2.0,1.0,0.0,0.0,3.0,0.0,0.0,0.0,0.0,0.0,0.0,3.0,0.0,0.0,2.0,0.0,0.0,0.0,0.0,0.0,0.0,140.0,23.9,19.6,29.7,0.0,53.0,95.0,alto
1488,2018-09-12,0.0,989.0,13.0,0.0,3.0,0.0,0.0,0.0,7.0,0.0,0.0,0.0,0.0,0.0,0.0,12.0,0.0,0.0,1.0,0.0,0.0,0.0,0.0,0.0,0.0,317.0,24.1,19.8,30.6,0.0,54.0,93.0,alto
1489,2018-09-13,0.0,912.0,17.0,0.0,3.0,0.0,0.0,0.0,4.0,0.0,1.0,0.0,0.0,0.0,0.0,7.0,0.0,1.0,1.0,0.0,0.0,0.0,0.0,0.0,0.0,307.0,23.9,20.5,28.5,0.0,61.0,95.0,alto
1490,2018-09-14,0.0,937.0,13.0,0.0,3.0,1.0,0.0,0.0,5.0,0.0,1.0,0.0,0.0,0.0,0.0,17.0,0.0,0.0,1.0,0.0,0.0,0.0,0.0,0.0,0.0,306.0,23.7,19.3,29.8,0.2,47.0,94.0,alto
1491,2018-09-15,0.0,346.0,13.0,0.0,6.0,0.0,0.0,0.0,9.0,0.0,1.0,0.0,0.0,0.0,0.0,11.0,0.0,1.0,0.0,0.0,0.0,0.0,0.0,0.0,0.0,178.0,22.5,18.1,27.6,16.6,56.0,98.0,alto
1492,2018-09-16,0.0,275.0,17.0,0.0,8.0,0.0,0.0,0.0,13.0,0.0,1.0,0.0,0.0,0.0,0.0,10.0,0.0,0.0,1.0,0.0,0.0,0.0,0.0,0.0,0.0,93.0,22.9,18.9,29.6,0.0,50.0,95.0,alto
1493,2018-09-17,0.0,373.0,10.0,0.0,1.0,1.0,0.0,0.0,2.0,0.0,0.0,0.0,0.0,0.0,0.0,11.0,0.0,1.0,1.0,0.0,0.0,0.0,0.0,0.0,0.0,113.0,23.0,18.9,28.9,0.0,51.0,92.0,alto
1496,2018-09-20,0.0,369.0,12.0,0.0,1.0,0.0,0.0,0.0,4.0,0.0,0.0,0.0,0.0,0.0,0.0,6.0,0.0,0.0,0.0,0.0,0.0,0.0,0.0,0.0,0.0,52.0,23.3,18.7,29.8,0.0,47.0,93.0,alto
1497,2018-09-21,0.0,350.0,3.0,0.0,2.0,4.0,0.0,0.0,7.0,0.0,1.0,0.0,0.0,0.0,0.0,14.0,0.0,0.0,0.0,0.0,0.0,0.0,0.0,0.0,0.0,71.0,23.5,18.7,30.5,0.0,45.0,87.0,alto
1498,2018-09-22,0.0,367.0,12.0,0.0,4.0,3.0,0.0,0.0,7.0,0.0,0.0,0.0,0.0,0.0,0.0,11.0,0.0,1.0,0.0,0.0,0.0,0.0,0.0,0.0,0.0,64.0,22.0,18.0,27.3,0.0,66.0,93.0,alto
1499,2018-09-23,0.0,244.0,10.0,0.0,4.0,3.0,0.0,0.0,8.0,0.0,1.0,0.0,0.0,0.0,0.0,8.0,0.0,1.0,0.0,0.0,0.0,0.0,0.0,0.0,0.0,84.0,20.9,17.5,26.8,0.0,63.0,95.0,alto
1500,2018-09-24,0.0,260.0,11.0,0.0,4.0,4.0,0.0,0.0,20.0,0.0,1.0,0.0,0.0,0.0,0.0,9.0,0.0,0.0,0.0,0.0,0.0,0.0,0.0,0.0,0.0,21.0,20.0,16.4,24.3,0.0,44.0,96.0,alto
1501,2018-09-25,0.0,57.0,4.0,0.0,2.0,1.0,0.0,0.0,2.0,0.0,0.0,0.0,0.0,0.0,0.0,1.0,0.0,1.0,0.0,0.0,0.0,0.0,0.0,0.0,0.0,7.0,15.7,12.6,20.1,0.0,28.0,64.0,medio
1502,2018-09-26,0.0,179.0,3.0,0.0,1.0,1.0,0.0,0.0,3.0,0.0,0.0,0.0,0.0,0.0,0.0,3.0,0.0,1.0,0.0,0.0,0.0,0.0,0.0,0.0,0.0,24.0,13.8,10.7,19.4,0.0,34.0,67.0,alto
1503,2018-09-27,0.0,198.0,6.0,0.0,1.0,3.0,0.0,0.0,3.0,0.0,1.0,0.0,0.0,0.0,0.0,4.0,0.0,1.0,0.0,0.0,0.0,0.0,0.0,0.0,0.0,41.0,15.3,9.6,24.6,0.0,35.0,82.0,alto
1504,2018-09-28,0.0,170.0,3.0,0.0,1.0,3.0,0.0,0.0,3.0,0.0,0.0,0.0,0.0,0.0,0.0,4.0,0.0,1.0,0.0,0.0,0.0,0.0,0.0,0.0,0.0,69.0,17.7,11.5,27.4,0.0,30.0,89.0,alto
1505,2018-09-29,0.0,112.0,3.0,0.0,1.0,2.0,0.0,0.0,3.0,0.0,1.0,0.0,0.0,0.0,0.0,5.0,0.0,17.0,1.0,0.0,0.0,0.0,0.0,0.0,0.0,33.0,19.5,16.2,23.9,0.0,44.0,68.0,alto
1506,2018-09-30,0.0,129.0,5.0,0.0,6.0,1.0,0.0,0.0,8.0,0.0,0.0,0.0,0.0,0.0,0.0,5.0,0.0,4.0,0.0,0.0,0.0,0.0,0.0,0.0,0.0,36.0,15.6,12.1,20.9,0.0,36.0,71.0,alto
1507,2018-10-01,0.0,59.0,2.0,0.0,0.0,3.0,0.0,0.0,3.0,0.0,0.0,0.0,0.0,0.0,0.0,2.0,0.0,1.0,0.0,0.0,0.0,0.0,0.0,0.0,0.0,9.0,12.7,11.0,15.7,53.0,66.0,100.0,medio
1510,2018-10-04,0.0,103.0,3.0,0.0,0.0,4.0,0.0,0.0,4.0,0.0,0.0,0.0,0.0,0.0,0.0,5.0,0.0,25.0,0.0,0.0,0.0,0.0,0.0,0.0,0.0,37.0,16.4,11.5,22.7,0.0,46.0,91.0,alto
1511,2018-10-05,0.0,65.0,4.0,0.0,1.0,2.0,0.0,0.0,2.0,0.0,0.0,0.0,0.0,0.0,0.0,2.0,0.0,3.0,0.0,0.0,0.0,0.0,0.0,0.0,0.0,7.0,16.7,11.4,22.3,0.2,38.0,85.0,medio
1514,2018-10-08,0.0,34.0,2.0,0.0,0.0,1.0,0.0,0.0,2.0,0.0,0.0,0.0,0.0,0.0,0.0,1.0,0.0,1.0,0.0,0.0,0.0,0.0,0.0,0.0,0.0,32.0,18.0,14.4,23.8,0.0,62.0,100.0,medio
1516,2018-10-10,0.0,169.0,1.0,0.0,1.0,1.0,0.0,0.0,2.0,0.0,0.0,0.0,0.0,0.0,0.0,2.0,0.0,0.0,0.0,0.0,0.0,0.0,0.0,0.0,0.0,5.0,18.5,15.5,23.3,0.0,53.0,84.0,alto
1517,2018-10-11,0.0,148.0,3.0,0.0,3.0,0.0,0.0,0.0,3.0,0.0,0.0,0.0,0.0,0.0,0.0,1.0,0.0,3.0,0.0,0.0,0.0,0.0,0.0,0.0,0.0,13.0,17.9,14.1,22.6,0.0,48.0,85.0,alto
1519,2018-10-13,0.0,240.0,1.0,0.0,1.0,1.0,0.0,0.0,2.0,0.0,0.0,0.0,0.0,0.0,0.0,2.0,0.0,0.0,0.0,0.0,0.0,0.0,0.0,0.0,0.0,16.0,17.5,13.3,23.1,0.0,51.0,92.0,alto
1520,2018-10-14,0.0,160.0,1.0,0.0,2.0,0.0,0.0,0.0,3.0,0.0,0.0,0.0,0.0,0.0,0.0,0.0,0.0,0.0,1.0,0.0,0.0,0.0,0.0,0.0,0.0,5.0,17.3,13.0,22.7,0.0,48.0,92.0,alto
1708,2019-06-01,0.0,54.0,20.0,0.0,0.0,0.0,0.0,0.0,6.0,2.0,1.0,0.0,0.0,4.0,0.0,94.0,20.0,31.0,2.0,0.0,0.0,4.0,0.0,0.0,0.0,68.0,22.0,13.7,27.7,0.0,37.0,93.0,medio
1724,2019-06-17,0.0,55.0,28.0,0.0,0.0,0.0,0.0,0.0,2.0,0.0,3.0,0.0,17.0,24.0,0.0,34.0,6.0,14.0,14.0,0.0,0.0,7.0,0.0,0.0,0.0,30.0,25.1,19.7,30.0,0.0,44.0,85.0,medio
1728,2019-06-21,0.0,114.0,29.0,0.0,0.0,0.0,0.0,0.0,2.0,0.0,5.0,0.0,23.0,31.0,0.0,50.0,9.0,21.0,31.0,0.0,0.0,8.0,0.0,0.0,0.0,14.0,25.6,20.7,32.1,0.0,48.0,93.0,alto
1733,2019-06-26,0.0,326.0,9.0,1.0,0.0,0.0,1.0,0.0,2.0,0.0,1.0,0.0,23.0,25.0,0.0,27.0,0.0,17.0,25.0,0.0,0.0,2.0,0.0,0.0,0.0,32.0,28.0,21.6,34.1,0.0,47.0,92.0,alto
1734,2019-06-27,0.0,344.0,6.0,1.0,0.0,0.0,1.0,0.0,3.0,0.0,6.0,0.0,24.0,25.0,0.0,43.0,1.0,22.0,15.0,0.0,0.0,1.0,0.0,0.0,0.0,13.0,30.2,22.3,37.1,0.0,42.0,92.0,alto
1759,2019-07-26,0.0,199.0,7.0,0.0,0.0,0.0,0.0,0.0,2.0,0.0,1.0,0.0,4.0,4.0,0.0,18.0,0.0,2.0,25.0,0.0,0.0,0.0,0.0,0.0,0.0,52.0,28.6,23.1,35.3,0.0,45.0,85.0,alto
1760,2019-07-27,0.0,47.0,4.0,0.0,0.0,0.0,0.0,0.0,4.0,0.0,0.0,0.0,0.0,0.0,0.0,3.0,0.0,0.0,11.0,0.0,0.0,0.0,0.0,0.0,0.0,5.0,23.1,18.2,29.7,12.2,63.0,96.0,medio
1776,2019-08-12,0.0,162.0,20.0,0.0,1.0,2.0,0.0,0.0,6.0,0.0,0.0,0.0,0.0,0.0,0.0,8.0,0.0,0.0,9.0,0.0,0.0,0.0,0.0,0.0,0.0,69.0,26.3,22.4,32.1,0.4,60.0,97.0,alto
1777,2019-08-13,0.0,67.0,8.0,0.0,0.0,1.0,0.0,0.0,2.0,0.0,0.0,0.0,0.0,0.0,0.0,3.0,0.0,0.0,1.0,0.0,0.0,0.0,0.0,0.0,0.0,4.0,24.9,20.3,32.0,4.4,47.0,97.0,medio
1778,2019-08-14,0.0,110.0,16.0,0.0,3.0,1.0,0.0,0.0,5.0,0.0,0.0,0.0,1.0,1.0,0.0,6.0,0.0,1.0,6.0,0.0,0.0,0.0,0.0,0.0,0.0,15.0,22.8,18.7,26.6,2.2,44.0,92.0,alto
1779,2019-08-15,0.0,47.0,13.0,0.0,1.0,3.0,0.0,0.0,6.0,0.0,0.0,0.0,0.0,0.0,0.0,7.0,0.0,0.0,3.0,0.0,0.0,0.0,0.0,0.0,0.0,61.0,22.8,16.9,28.8,0.0,45.0,88.0,medio
1780,2019-08-16,0.0,32.0,13.0,0.0,0.0,3.0,0.0,0.0,4.0,0.0,0.0,0.0,0.0,0.0,0.0,18.0,0.0,0.0,1.0,0.0,0.0,0.0,0.0,0.0,0.0,42.0,21.7,16.2,28.8,5.4,40.0,97.0,medio
1781,2019-08-17,0.0,107.0,20.0,0.0,1.0,1.0,0.0,0.0,3.0,0.0,0.0,0.0,0.0,0.0,0.0,10.0,0.0,0.0,2.0,0.0,0.0,0.0,0.0,0.0,0.0,58.0,22.7,16.5,29.4,0.0,44.0,97.0,alto
1783,2019-08-19,0.0,191.0,20.0,0.0,0.0,8.0,0.0,0.0,8.0,0.0,0.0,0.0,0.0,0.0,0.0,11.0,0.0,0.0,2.0,0.0,0.0,0.0,0.0,0.0,0.0,29.0,24.9,20.0,30.6,0.0,58.0,98.0,alto
1784,2019-08-20,0.0,91.0,17.0,0.0,1.0,5.0,0.0,0.0,7.0,0.0,0.0,0.0,0.0,0.0,0.0,4.0,0.0,0.0,3.0,0.0,0.0,0.0,0.0,0.0,0.0,45.0,25.5,20.2,32.6,0.0,48.0,96.0,medio
1785,2019-08-21,0.0,227.0,43.0,0.0,2.0,5.0,0.0,0.0,8.0,0.0,0.0,0.0,0.0,0.0,0.0,6.0,2.0,0.0,4.0,0.0,0.0,0.0,0.0,0.0,0.0,53.0,25.6,20.4,31.9,0.0,42.0,95.0,alto
1786,2019-08-22,0.0,70.0,31.0,0.0,43.0,1.0,0.0,0.0,45.0,0.0,0.0,0.0,1.0,1.0,0.0,11.0,0.0,0.0,5.0,0.0,0.0,0.0,0.0,0.0,0.0,77.0,23.9,20.9,28.3,0.0,47.0,83.0,medio
1787,2019-08-23,0.0,90.0,15.0,0.0,39.0,0.0,0.0,0.0,41.0,0.0,0.0,0.0,0.0,0.0,0.0,5.0,0.0,0.0,4.0,0.0,0.0,0.0,0.0,0.0,0.0,67.0,23.0,19.5,27.1,1.8,67.0,95.0,medio
1788,2019-08-24,0.0,146.0,38.0,0.0,50.0,0.0,0.0,0.0,53.0,0.0,0.0,0.0,0.0,0.0,0.0,10.0,0.0,0.0,3.0,0.0,0.0,0.0,0.0,0.0,0.0,91.0,25.3,20.4,31.3,0.0,50.0,94.0,alto
1789,2019-08-25,0.0,108.0,15.0,0.0,11.0,0.0,0.0,0.0,11.0,0.0,0.0,0.0,0.0,0.0,0.0,9.0,0.0,0.0,1.0,0.0,0.0,0.0,0.0,0.0,0.0,80.0,24.7,19.9,29.9,0.6,50.0,94.0,alto
1790,2019-08-26,0.0,138.0,21.0,0.0,52.0,0.0,0.0,0.0,60.0,0.0,0.0,0.0,0.0,0.0,0.0,10.0,0.0,0.0,3.0,0.0,0.0,0.0,0.0,0.0,0.0,125.0,25.4,20.6,30.6,0.0,53.0,90.0,alto
1791,2019-08-27,0.0,62.0,9.0,0.0,13.0,1.0,0.0,0.0,15.0,0.0,0.0,0.0,0.0,0.0,0.0,3.0,0.0,0.0,0.0,0.0,0.0,0.0,0.0,0.0,0.0,61.0,25.6,20.1,32.2,0.0,45.0,94.0,medio
1792,2019-08-28,0.0,306.0,12.0,0.0,27.0,0.0,0.0,0.0,31.0,0.0,0.0,0.0,0.0,0.0,0.0,5.0,0.0,0.0,0.0,0.0,0.0,0.0,0.0,0.0,0.0,169.0,25.9,21.2,31.7,0.0,50.0,91.0,alto
1793,2019-08-29,0.0,226.0,7.0,0.0,6.0,0.0,0.0,0.0,10.0,0.0,0.0,0.0,0.0,0.0,0.0,8.0,0.0,0.0,2.0,0.0,0.0,0.0,0.0,0.0,0.0,137.0,26.0,20.5,32.9,0.0,44.0,92.0,alto
1794,2019-08-30,0.0,198.0,15.0,0.0,18.0,0.0,0.0,0.0,21.0,0.0,0.0,0.0,0.0,0.0,0.0,18.0,0.0,0.0,1.0,0.0,0.0,0.0,0.0,0.0,0.0,134.0,26.6,21.7,32.4,0.0,44.0,89.0,alto
1795,2019-08-31,0.0,175.0,29.0,0.0,119.0,0.0,0.0,0.0,125.0,0.0,0.0,0.0,0.0,0.0,0.0,12.0,0.0,0.0,3.0,0.0,0.0,0.0,0.0,0.0,0.0,163.0,26.5,21.9,32.7,0.0,41.0,79.0,alto
1796,2019-09-01,0.0,163.0,15.0,0.0,67.0,0.0,0.0,0.0,74.0,0.0,0.0,0.0,0.0,0.0,0.0,9.0,0.0,0.0,1.0,0.0,0.0,0.0,0.0,0.0,0.0,132.0,26.4,19.5,33.7,0.0,37.0,88.0,alto
1797,2019-09-02,0.0,136.0,7.0,0.0,13.0,0.0,0.0,0.0,18.0,0.0,0.0,0.0,0.0,0.0,0.0,7.0,0.0,0.0,0.0,0.0,0.0,0.0,0.0,0.0,0.0,69.0,22.7,19.2,27.4,14.0,56.0,96.0,alto
1798,2019-09-03,0.0,32.0,2.0,0.0,0.0,0.0,0.0,0.0,2.0,0.0,0.0,0.0,0.0,0.0,0.0,0.0,0.0,0.0,0.0,0.0,0.0,0.0,0.0,0.0,0.0,3.0,21.7,18.1,26.3,0.0,46.0,87.0,medio
1799,2019-09-04,0.0,85.0,11.0,0.0,6.0,0.0,0.0,0.0,8.0,0.0,0.0,0.0,0.0,0.0,0.0,1.0,0.0,0.0,1.0,0.0,0.0,0.0,0.0,0.0,0.0,94.0,21.0,15.9,27.3,0.0,40.0,87.0,medio
1800,2019-09-05,0.0,149.0,5.0,0.0,2.0,0.0,0.0,0.0,4.0,0.0,0.0,0.0,0.0,0.0,0.0,9.0,0.0,0.0,0.0,0.0,0.0,0.0,0.0,0.0,0.0,114.0,21.6,15.4,28.1,0.0,37.0,94.0,alto
1801,2019-09-06,0.0,87.0,7.0,0.0,14.0,0.0,0.0,0.0,18.0,0.0,0.0,0.0,0.0,0.0,0.0,4.0,0.0,0.0,1.0,0.0,0.0,0.0,0.0,0.0,0.0,37.0,18.9,15.7,21.9,9.0,62.0,98.0,medio
1802,2019-09-07,0.0,123.0,2.0,0.0,2.0,0.0,0.0,0.0,3.0,0.0,0.0,0.0,0.0,0.0,0.0,2.0,0.0,0.0,0.0,0.0,0.0,0.0,0.0,0.0,0.0,56.0,19.5,15.0,24.7,0.0,52.0,97.0,alto
1803,2019-09-08,0.0,40.0,3.0,0.0,1.0,0.0,0.0,0.0,2.0,0.0,0.0,0.0,0.0,0.0,0.0,0.0,0.0,0.0,0.0,0.0,0.0,0.0,0.0,0.0,0.0,15.0,17.1,12.8,19.4,20.0,84.0,97.0,medio
1805,2019-09-10,0.0,110.0,3.0,0.0,1.0,0.0,0.0,0.0,3.0,0.0,0.0,0.0,0.0,0.0,0.0,8.0,0.0,0.0,0.0,0.0,0.0,0.0,0.0,0.0,0.0,76.0,18.8,15.2,24.3,0.0,55.0,93.0,alto
1806,2019-09-11,0.0,66.0,21.0,0.0,3.0,0.0,0.0,0.0,4.0,0.0,0.0,0.0,0.0,0.0,0.0,9.0,0.0,0.0,0.0,0.0,0.0,0.0,0.0,0.0,0.0,65.0,19.1,13.3,26.0,0.0,40.0,93.0,medio
1807,2019-09-12,0.0,380.0,14.0,0.0,6.0,0.0,0.0,0.0,8.0,0.0,0.0,0.0,0.0,0.0,0.0,15.0,0.0,0.0,0.0,0.0,0.0,0.0,0.0,0.0,0.0,61.0,20.7,14.7,29.7,0.0,39.0,94.0,alto
1808,2019-09-13,0.0,218.0,13.0,0.0,2.0,0.0,0.0,0.0,4.0,0.0,0.0,0.0,0.0,0.0,0.0,9.0,0.0,0.0,0.0,0.0,0.0,0.0,0.0,0.0,0.0,101.0,21.5,15.8,29.5,0.0,38.0,94.0,alto
1810,2019-09-15,0.0,433.0,5.0,0.0,2.0,0.0,0.0,0.0,3.0,0.0,0.0,0.0,0.0,0.0,0.0,13.0,0.0,0.0,1.0,0.0,0.0,0.0,0.0,0.0,0.0,69.0,22.0,17.0,28.8,0.0,49.0,95.0,alto
1812,2019-09-17,0.0,773.0,3.0,0.0,1.0,0.0,0.0,0.0,5.0,0.0,0.0,0.0,0.0,0.0,0.0,16.0,0.0,0.0,0.0,0.0,0.0,0.0,0.0,0.0,0.0,63.0,22.7,18.8,27.8,0.0,63.0,97.0,alto
1813,2019-09-18,0.0,319.0,6.0,0.0,2.0,0.0,0.0,0.0,4.0,0.0,0.0,0.0,0.0,0.0,0.0,6.0,0.0,0.0,0.0,0.0,0.0,0.0,0.0,0.0,0.0,46.0,20.9,17.3,24.2,1.6,68.0,98.0,alto
1814,2019-09-19,0.0,342.0,8.0,0.0,4.0,0.0,0.0,0.0,7.0,0.0,0.0,0.0,0.0,0.0,0.0,23.0,0.0,0.0,0.0,0.0,0.0,0.0,0.0,0.0,0.0,41.0,19.2,16.5,23.0,0.0,34.0,76.0,alto
1815,2019-09-20,0.0,187.0,4.0,0.0,1.0,0.0,0.0,0.0,2.0,0.0,0.0,0.0,0.0,0.0,0.0,14.0,0.0,0.0,0.0,0.0,0.0,0.0,0.0,0.0,0.0,40.0,16.0,11.8,20.7,0.0,39.0,86.0,alto
1816,2019-09-21,0.0,146.0,2.0,0.0,3.0,1.0,0.0,0.0,6.0,0.0,0.0,0.0,0.0,0.0,0.0,7.0,0.0,0.0,0.0,0.0,0.0,0.0,0.0,0.0,0.0,30.0,15.3,9.8,22.7,0.0,35.0,90.0,alto
1819,2019-09-24,0.0,284.0,0.0,0.0,0.0,3.0,0.0,0.0,3.0,0.0,0.0,0.0,0.0,0.0,0.0,8.0,0.0,0.0,0.0,0.0,0.0,0.0,0.0,0.0,0.0,71.0,18.7,13.5,25.1,0.0,51.0,99.0,alto
1820,2019-09-25,0.0,245.0,1.0,0.0,0.0,2.0,0.0,0.0,2.0,0.0,0.0,0.0,0.0,0.0,0.0,2.0,0.0,0.0,0.0,0.0,0.0,0.0,0.0,0.0,0.0,41.0,17.2,13.7,21.5,0.4,79.0,99.0,alto
1822,2019-09-27,0.0,718.0,1.0,0.0,0.0,9.0,0.0,0.0,9.0,0.0,0.0,0.0,0.0,0.0,0.0,8.0,0.0,0.0,0.0,0.0,0.0,0.0,0.0,0.0,0.0,71.0,18.6,13.6,24.7,0.0,59.0,99.0,alto
1823,2019-09-28,0.0,488.0,3.0,0.0,0.0,5.0,0.0,0.0,7.0,0.0,0.0,0.0,0.0,0.0,0.0,11.0,0.0,0.0,0.0,0.0,0.0,0.0,0.0,0.0,0.0,54.0,19.9,16.5,25.2,0.0,63.0,97.0,alto
1824,2019-09-29,0.0,578.0,1.0,0.0,0.0,10.0,0.0,0.0,10.0,0.0,0.0,0.0,0.0,0.0,0.0,9.0,0.0,0.0,0.0,0.0,0.0,0.0,0.0,0.0,0.0,40.0,20.4,16.3,25.7,0.0,53.0,99.0,alto
1825,2019-09-30,0.0,602.0,0.0,0.0,0.0,3.0,0.0,0.0,4.0,0.0,0.0,0.0,0.0,0.0,0.0,8.0,0.0,0.0,0.0,0.0,0.0,0.0,0.0,0.0,0.0,27.0,20.1,14.6,25.3,0.0,59.0,96.0,alto
1826,2019-10-01,0.0,101.0,0.0,0.0,0.0,0.0,0.0,0.0,4.0,0.0,0.0,0.0,0.0,0.0,0.0,5.0,0.0,0.0,0.0,0.0,0.0,0.0,0.0,0.0,0.0,5.0,21.2,17.8,26.0,0.0,66.0,95.0,alto
1827,2019-10-02,0.0,175.0,1.0,0.0,0.0,2.0,0.0,0.0,2.0,0.0,0.0,0.0,0.0,0.0,0.0,1.0,0.0,0.0,0.0,0.0,0.0,0.0,0.0,0.0,0.0,5.0,18.4,15.0,21.7,3.4,78.0,99.0,alto
1830,2019-10-05,0.0,117.0,2.0,0.0,0.0,2.0,0.0,0.0,2.0,0.0,0.0,0.0,0.0,0.0,0.0,4.0,0.0,2.0,0.0,0.0,0.0,0.0,0.0,0.0,0.0,7.0,14.9,10.4,19.9,0.0,52.0,95.0,alto
1832,2019-10-07,0.0,101.0,0.0,0.0,0.0,3.0,0.0,0.0,3.0,0.0,0.0,0.0,0.0,0.0,0.0,2.0,0.0,13.0,0.0,0.0,0.0,0.0,0.0,0.0,0.0,9.0,14.5,11.3,19.1,3.4,49.0,94.0,alto
1836,2019-10-11,0.0,193.0,0.0,0.0,0.0,1.0,0.0,0.0,2.0,0.0,0.0,0.0,0.0,0.0,0.0,3.0,0.0,9.0,0.0,0.0,0.0,0.0,0.0,0.0,0.0,18.0,15.8,11.6,21.3,0.0,54.0,97.0,alto
